{
  "editorVersion": "6.5.22",
  "docType": "5",
  "title": "NIXIE CONTROLLER",
  "description": "",
  "colors": {},
  "schematics": [
    {
      "docType": "1",
      "title": "Sheet_1",
      "description": "",
      "dataStr": {
        "head": {
          "docType": "1",
          "editorVersion": "6.5.22",
          "c_para": {
            "Prefix Start": "1"
          },
          "c_spiceCmd": "null",
          "hasIdFlag": true,
          "x": "0",
          "y": "0",
          "portOfADImportHack": "",
          "importFlag": 0,
          "transformList": "",
          "uuid": "9f5e22e4d2d44f10938876112c76dfe5",
          "newgId": true
        },
        "canvas": "CA~1000~1000~#FFFFFF~yes~#CCCCCC~5~1000~1000~line~5~pixel~5~0~0",
        "shape": [
          "LIB~550~401~package`NONE`BOM_Manufacturer Part`?`spicePre`.`~~0~frame_lib_1~~~0~~yes~yes~~~#@$T~N~572.640625~-3~0~#000080~Arial~~~~~comment~NO~0~start~gge92~0~#@$T~P~572.6484375~-13.703125~0~#000080~Arial~~~~~comment~.~0~start~gge94~0~#@$PT~M 206 10 L 206 0 M 206 796 L 206 806 M 402 10 L 402 0 M 402 796 L 402 806 M 598 10 L 598 0 M 598 796 L 598 806 M 794 10 L 794 0 M 794 796 L 794 806 M 990 10 L 990 0 M 990 796 L 990 806 M 10 206 L 0 206 M 1139 206 L 1149 206 M 10 402 L 0 402 M 1139 402 L 1149 402 M 10 598 L 0 598 M 1139 598 L 1149 598 M 10 794 L 0 794 M 1139 794 L 1149 794~#880000~1~0~none~frame_tick_1~0~frame_tick#@$T~L~1.5~108~0~#880000~~~~~~comment~A~1~start~frame_tick_2~0~frame_tick#@$T~L~1140.5~108~0~#880000~~~~~~comment~A~1~start~frame_tick_3~0~frame_tick#@$T~L~1.5~304~0~#880000~~~~~~comment~B~1~start~frame_tick_4~0~frame_tick#@$T~L~1140.5~304~0~#880000~~~~~~comment~B~1~start~frame_tick_5~0~frame_tick#@$T~L~1.5~500~0~#880000~~~~~~comment~C~1~start~frame_tick_6~0~frame_tick#@$T~L~1140.5~500~0~#880000~~~~~~comment~C~1~start~frame_tick_7~0~frame_tick#@$T~L~1.5~696~0~#880000~~~~~~comment~D~1~start~frame_tick_8~0~frame_tick#@$T~L~1140.5~696~0~#880000~~~~~~comment~D~1~start~frame_tick_9~0~frame_tick#@$T~L~108~8.5~0~#880000~~~~~~comment~1~1~start~frame_tick_10~0~frame_tick#@$T~L~108~804.5~0~#880000~~~~~~comment~1~1~start~frame_tick_11~0~frame_tick#@$T~L~304~8.5~0~#880000~~~~~~comment~2~1~start~frame_tick_12~0~frame_tick#@$T~L~304~804.5~0~#880000~~~~~~comment~2~1~start~frame_tick_13~0~frame_tick#@$T~L~500~8.5~0~#880000~~~~~~comment~3~1~start~frame_tick_14~0~frame_tick#@$T~L~500~804.5~0~#880000~~~~~~comment~3~1~start~frame_tick_15~0~frame_tick#@$T~L~696~8.5~0~#880000~~~~~~comment~4~1~start~frame_tick_16~0~frame_tick#@$T~L~696~804.5~0~#880000~~~~~~comment~4~1~start~frame_tick_17~0~frame_tick#@$T~L~892~8.5~0~#880000~~~~~~comment~5~1~start~frame_tick_18~0~frame_tick#@$T~L~892~804.5~0~#880000~~~~~~comment~5~1~start~frame_tick_19~0~frame_tick#@$R~10~10~~~1129~786~#880000~1~0~none~frame_innerbox_1~0~frame_innerbox#@$R~0~0~~~1149~806~#880000~1~0~none~frame_outbox_1~0~frame_outbox#@$R~739~716~~~400~80~#880000~1~0~none~frame_hitarea_1~0~frame_hitarea#@$PL~739 756 1139 756~#880000~1~0~none~gge150~0#@$PL~739 776 1139 776~#880000~1~0~none~gge151~0#@$PL~1059 716 1059 756~#880000~1~0~none~gge152~0#@$PL~1019 756 1019 776~#880000~1~0~none~gge153~0#@$PL~934 776 934 796~#880000~1~0~none~gge154~0#@$T~L~744~728~0~#880000~~8pt~~~~comment~TITLE:~1~start~gge155~0~pinpart#@$T~L~749~746~0~#0000FF~~10pt~~~~comment~New Schematic~1~start~frame_title_1~0~frame_title#@$T~L~1065~742~0~#880000~~8pt~~~~comment~REV:~1~start~gge158~0~pinpart#@$T~L~1096~743~0~#0000FF~~9pt~~~~comment~1.0~1~start~frame_version_1~0~frame_version#@$T~L~744~771~0~#880000~~8pt~~~~comment~Date:~1~start~gge161~0~pinpart#@$T~L~794~771~0~#0000FF~~9pt~~~~comment~2018-10-24~1~start~frame_date_1~0~frame_date#@$T~L~1024~771~0~#880000~~8pt~~~~comment~Sheet:~1~start~gge164~0~pinpart#@$T~L~1069~771~0~#0000FF~~9pt~~~~comment~1/1~1~start~frame_sheet_1~0~frame_sheet#@$T~L~744~791~0~#880000~~8pt~~~~comment~EasyEDA V5.8.19~1~start~frame_product_1~0~frame_product#@$T~L~944~791~0~#880000~~8pt~~~~comment~Drawn By:~1~start~gge168~0~pinpart#@$T~L~1009~791~0~#0000FF~~9pt~~~~comment~RBEGamer~1~start~frame_drawn_1~0~frame_drawn",
          "LIB~605~435~package`ARDUINO_NANO`sourceId`KGSeAWhDB`timeStamp`1452340004`BOM_Manufacturer Part`?`spicePre`U`~~0~gge1bdc0ab44f99f92d~fef543f1a2cf45f190fd72fb4d17faf9~93b05b65dc854414b3026f971a535e44~0~~yes~yes~~~#@$T~N~599.03125~342~0~#000080~Arial~~~~~comment~ARDUINO_NANO~1~start~gge681~0~#@$T~P~599.0390625~333~0~#000080~Arial~~~~~comment~U1~1~start~gge683~0~#@$P~show~0~P$3~535~495~0~gge685~0^^535~495^^M 535 495 h 20~#8D2323^^1~558~498~0~D11/MOSI~start~~~#8D2323^^1~549~494~0~14~end~~~#8D2323^^0~558~495^^0~M 555 492 L 552 495 L 555 498#@$P~show~0~P$4~535~485~0~gge692~0^^535~485^^M 535 485 h 20~#8D2323^^1~558~488~0~D10~start~~~#8D2323^^1~549~484~0~13~end~~~#8D2323^^0~558~485^^0~M 555 482 L 552 485 L 555 488#@$P~show~0~P$5~535~475~0~gge699~0^^535~475^^M 535 475 h 20~#8D2323^^1~558~478~0~D9~start~~~#8D2323^^1~549~474~0~12~end~~~#8D2323^^0~558~475^^0~M 555 472 L 552 475 L 555 478#@$P~show~0~P$6~535~465~0~gge706~0^^535~465^^M 535 465 h 20~#8D2323^^1~558~468~0~D8~start~~~#8D2323^^1~549~464~0~11~end~~~#8D2323^^0~558~465^^0~M 555 462 L 552 465 L 555 468#@$P~show~0~P$7~535~455~0~gge713~0^^535~455^^M 535 455 h 20~#8D2323^^1~558~458~0~D7~start~~~#8D2323^^1~549~454~0~10~end~~~#8D2323^^0~558~455^^0~M 555 452 L 552 455 L 555 458#@$P~show~0~P$8~535~445~0~gge720~0^^535~445^^M 535 445 h 20~#8D2323^^1~558~448~0~D6~start~~~#8D2323^^1~549~444~0~9~end~~~#8D2323^^0~558~445^^0~M 555 442 L 552 445 L 555 448#@$P~show~0~P$9~535~435~0~gge727~0^^535~435^^M 535 435 h 20~#8D2323^^1~558~438~0~D5~start~~~#8D2323^^1~549~434~0~8~end~~~#8D2323^^0~558~435^^0~M 555 432 L 552 435 L 555 438#@$P~show~0~P$10~535~425~0~gge734~0^^535~425^^M 535 425 h 20~#8D2323^^1~558~428~0~D4~start~~~#8D2323^^1~549~424~0~7~end~~~#8D2323^^0~558~425^^0~M 555 422 L 552 425 L 555 428#@$P~show~0~P$11~535~415~0~gge741~0^^535~415^^M 535 415 h 20~#8D2323^^1~558~418~0~D3~start~~~#8D2323^^1~549~414~0~6~end~~~#8D2323^^0~558~415^^0~M 555 412 L 552 415 L 555 418#@$P~show~0~P$21~535~405~0~gge748~0^^535~405^^M 535 405 h 20~#8D2323^^1~558~408~0~D2~start~~~#8D2323^^1~549~404~0~5~end~~~#8D2323^^0~558~405^^0~M 555 402 L 552 405 L 555 408#@$P~show~0~P$22~535~395~0~gge755~0^^535~395^^M 535 395 h 20~#8D2323^^1~558~398~0~GND~start~~~#8D2323^^1~549~394~0~4~end~~~#8D2323^^0~558~395^^0~M 555 392 L 552 395 L 555 398#@$P~show~0~P$14~535~385~0~gge762~0^^535~385^^M 535 385 h 20~#8D2323^^1~558~388~0~RESET~start~~~#8D2323^^1~549~384~0~3~end~~~#8D2323^^0~558~385^^0~M 555 382 L 552 385 L 555 388#@$P~show~0~P$15~535~375~0~gge769~0^^535~375^^M 535 375 h 20~#8D2323^^1~558~378~0~D0/RX~start~~~#8D2323^^1~549~374~0~2~end~~~#8D2323^^0~558~375^^0~M 555 372 L 552 375 L 555 378#@$P~show~0~P$16~535~365~0~gge776~0^^535~365^^M 535 365 h 20~#8D2323^^1~558~368~0~D1/TX~start~~~#8D2323^^1~549~364~0~1~end~~~#8D2323^^0~558~365^^0~M 555 362 L 552 365 L 555 368#@$P~show~0~P$19~675~365~180~gge783~0^^675~365^^M 675 365 h -20~#8D2323^^1~652~368~0~VIN~end~~~#8D2323^^1~661~364~0~30~start~~~#8D2323^^0~652~365^^0~M 655 368 L 658 365 L 655 362#@$P~show~0~P$20~675~375~180~gge790~0^^675~375^^M 675 375 h -20~#8D2323^^1~652~378~0~GND~end~~~#8D2323^^1~661~374~0~29~start~~~#8D2323^^0~652~375^^0~M 655 378 L 658 375 L 655 372#@$P~show~0~P$12~675~385~180~gge797~0^^675~385^^M 675 385 h -20~#8D2323^^1~652~388~0~RESET~end~~~#8D2323^^1~661~384~0~28~start~~~#8D2323^^0~652~385^^0~M 655 388 L 658 385 L 655 382#@$P~show~0~P$13~675~395~180~gge804~0^^675~395^^M 675 395 h -20~#8D2323^^1~652~398~0~+5V~end~~~#8D2323^^1~661~394~0~27~start~~~#8D2323^^0~652~395^^0~M 655 398 L 658 395 L 655 392#@$P~show~0~P$23~675~405~180~gge811~0^^675~405^^M 675 405 h -20~#8D2323^^1~652~408~0~A7~end~~~#8D2323^^1~661~404~0~26~start~~~#8D2323^^0~652~405^^0~M 655 408 L 658 405 L 655 402#@$P~show~0~P$24~675~415~180~gge818~0^^675~415^^M 675 415 h -20~#8D2323^^1~652~418~0~A6~end~~~#8D2323^^1~661~414~0~25~start~~~#8D2323^^0~652~415^^0~M 655 418 L 658 415 L 655 412#@$P~show~0~P$25~675~425~180~gge825~0^^675~425^^M 675 425 h -20~#8D2323^^1~652~428~0~A5~end~~~#8D2323^^1~661~424~0~24~start~~~#8D2323^^0~652~425^^0~M 655 428 L 658 425 L 655 422#@$P~show~0~P$26~675~435~180~gge832~0^^675~435^^M 675 435 h -20~#8D2323^^1~652~438~0~A4~end~~~#8D2323^^1~661~434~0~23~start~~~#8D2323^^0~652~435^^0~M 655 438 L 658 435 L 655 432#@$P~show~0~P$27~675~445~180~gge839~0^^675~445^^M 675 445 h -20~#8D2323^^1~652~448~0~A3~end~~~#8D2323^^1~661~444~0~22~start~~~#8D2323^^0~652~445^^0~M 655 448 L 658 445 L 655 442#@$P~show~0~P$28~675~455~180~gge846~0^^675~455^^M 675 455 h -20~#8D2323^^1~652~458~0~A2~end~~~#8D2323^^1~661~454~0~21~start~~~#8D2323^^0~652~455^^0~M 655 458 L 658 455 L 655 452#@$P~show~0~P$29~675~465~180~gge853~0^^675~465^^M 675 465 h -20~#8D2323^^1~652~468~0~A1~end~~~#8D2323^^1~661~464~0~20~start~~~#8D2323^^0~652~465^^0~M 655 468 L 658 465 L 655 462#@$P~show~0~P$30~675~475~180~gge860~0^^675~475^^M 675 475 h -20~#8D2323^^1~652~478~0~A0~end~~~#8D2323^^1~661~474~0~19~start~~~#8D2323^^0~652~475^^0~M 655 478 L 658 475 L 655 472#@$P~show~0~P$31~675~485~180~gge867~0^^675~485^^M 675 485 h -20~#8D2323^^1~652~488~0~AREF~end~~~#8D2323^^1~661~484~0~18~start~~~#8D2323^^0~652~485^^0~M 655 488 L 658 485 L 655 482#@$P~show~0~P$32~675~495~180~gge874~0^^675~495^^M 675 495 h -20~#8D2323^^1~652~498~0~3V3~end~~~#8D2323^^1~661~494~0~17~start~~~#8D2323^^0~652~495^^0~M 655 498 L 658 495 L 655 492#@$PL~555 525 555 345~#8D2323~1~0~none~gge881~0#@$PL~555 345 655 345~#8D2323~1~0~none~gge882~0#@$PL~655 345 655 525~#8D2323~1~0~none~gge883~0#@$PL~655 525 555 525~#8D2323~1~0~none~gge884~0#@$R~591~519~~~30~15~#8D2323~1~0~none~gge885~0~#@$P~show~0~P$33~675~505~180~gge886~0^^675~505^^M 675 505 h -20~#8D2323^^1~652~508~0~D13/SCK~end~~~#8D2323^^1~661~504~0~16~start~~~#8D2323^^0~652~505^^0~M 655 508 L 658 505 L 655 502#@$P~show~0~P$2~535~505~0~gge893~0^^535~505^^M 535 505 h 20~#8D2323^^1~558~508~0~D12/MISO~start~~~#8D2323^^1~549~504~0~15~end~~~#8D2323^^0~558~505^^0~M 555 502 L 552 505 L 555 508#@$PL~623 467 621 469~#8D2323~1~0~none~gge900~0#@$PL~621 469 619 471~#8D2323~1~0~none~gge901~0#@$PL~619 471 617 473~#8D2323~1~0~none~gge902~0#@$PL~617 473 615 475~#8D2323~1~0~none~gge903~0#@$PL~615 475 613 477~#8D2323~1~0~none~gge904~0#@$PL~613 477 611 479~#8D2323~1~0~none~gge905~0#@$PL~611 479 609 481~#8D2323~1~0~none~gge906~0#@$PL~609 481 607 483~#8D2323~1~0~none~gge907~0#@$PL~607 483 605 485~#8D2323~1~0~none~gge908~0#@$PL~607 483 609 485~#8D2323~1~0~none~gge909~0#@$PL~609 481 611 483~#8D2323~1~0~none~gge910~0#@$PL~611 479 613 481~#8D2323~1~0~none~gge911~0#@$PL~613 477 615 479~#8D2323~1~0~none~gge912~0#@$PL~615 475 617 477~#8D2323~1~0~none~gge913~0#@$PL~617 473 619 475~#8D2323~1~0~none~gge914~0#@$PL~619 471 621 473~#8D2323~1~0~none~gge915~0#@$PL~621 469 623 471~#8D2323~1~0~none~gge916~0#@$PL~605 449 607 451~#8D2323~1~0~none~gge917~0#@$PL~607 451 609 453~#8D2323~1~0~none~gge918~0#@$PL~609 453 611 455~#8D2323~1~0~none~gge919~0#@$PL~611 455 613 457~#8D2323~1~0~none~gge920~0#@$PL~613 457 615 459~#8D2323~1~0~none~gge921~0#@$PL~615 459 617 461~#8D2323~1~0~none~gge922~0#@$PL~617 461 619 463~#8D2323~1~0~none~gge923~0#@$PL~619 463 621 465~#8D2323~1~0~none~gge924~0#@$PL~621 465 623 467~#8D2323~1~0~none~gge925~0#@$PL~621 465 623 463~#8D2323~1~0~none~gge926~0#@$PL~619 463 621 461~#8D2323~1~0~none~gge927~0#@$PL~617 461 619 459~#8D2323~1~0~none~gge928~0#@$PL~615 459 617 457~#8D2323~1~0~none~gge929~0#@$PL~613 457 615 455~#8D2323~1~0~none~gge930~0#@$PL~611 455 613 453~#8D2323~1~0~none~gge931~0#@$PL~609 453 611 451~#8D2323~1~0~none~gge932~0#@$PL~607 451 609 449~#8D2323~1~0~none~gge933~0#@$PL~587 467 589 465~#8D2323~1~0~none~gge934~0#@$PL~589 465 591 463~#8D2323~1~0~none~gge935~0#@$PL~591 463 593 461~#8D2323~1~0~none~gge936~0#@$PL~593 461 595 459~#8D2323~1~0~none~gge937~0#@$PL~595 459 597 457~#8D2323~1~0~none~gge938~0#@$PL~597 457 599 455~#8D2323~1~0~none~gge939~0#@$PL~599 455 601 453~#8D2323~1~0~none~gge940~0#@$PL~601 453 603 451~#8D2323~1~0~none~gge941~0#@$PL~603 451 605 449~#8D2323~1~0~none~gge942~0#@$PL~603 451 601 449~#8D2323~1~0~none~gge943~0#@$PL~601 453 599 451~#8D2323~1~0~none~gge944~0#@$PL~599 455 597 453~#8D2323~1~0~none~gge945~0#@$PL~597 457 595 455~#8D2323~1~0~none~gge946~0#@$PL~595 459 593 457~#8D2323~1~0~none~gge947~0#@$PL~593 461 591 459~#8D2323~1~0~none~gge948~0#@$PL~591 463 589 461~#8D2323~1~0~none~gge949~0#@$PL~589 465 587 463~#8D2323~1~0~none~gge950~0#@$PL~605 485 603 483~#8D2323~1~0~none~gge951~0#@$PL~603 483 601 481~#8D2323~1~0~none~gge952~0#@$PL~601 481 599 479~#8D2323~1~0~none~gge953~0#@$PL~599 479 597 477~#8D2323~1~0~none~gge954~0#@$PL~597 477 595 475~#8D2323~1~0~none~gge955~0#@$PL~595 475 593 473~#8D2323~1~0~none~gge956~0#@$PL~593 473 591 471~#8D2323~1~0~none~gge957~0#@$PL~591 471 589 469~#8D2323~1~0~none~gge958~0#@$PL~589 469 587 467~#8D2323~1~0~none~gge959~0#@$PL~589 469 587 471~#8D2323~1~0~none~gge960~0#@$PL~591 471 589 473~#8D2323~1~0~none~gge961~0#@$PL~593 473 591 475~#8D2323~1~0~none~gge962~0#@$PL~595 475 593 477~#8D2323~1~0~none~gge963~0#@$PL~597 477 595 479~#8D2323~1~0~none~gge964~0#@$PL~599 479 597 481~#8D2323~1~0~none~gge965~0#@$PL~601 481 599 483~#8D2323~1~0~none~gge966~0#@$PL~603 483 601 485~#8D2323~1~0~none~gge967~0",
          "LIB~85~200~package`1*2 HEADER`BOM_Manufacturer Part`1*2 Header`Contributor`Psychokiller1888`spicePre`P`~~0~ggec39ee3c861a7b382~f6c03d4d149f404486a02568c20acb3e~8a5775910932414d9f84bb12a85a7113~0~~yes~yes~~~#@$T~N~55.296875~177~0~#000080~Arial~~~~~comment~1*2_Header~1~start~gge1491~0~#@$T~P~55.296875~168~0~#000080~Arial~~~~~comment~P1~1~start~gge1493~0~#@$P~show~0~1~75~190~~gge1495~0^^75~190^^M 75 190 h -20~#880000^^1~53~193~0~1~end~~~#0000FF^^0~70~189~0~1~start~~~#0000FF^^0~58~190^^0~M 55 187 L 52 190 L 55 193#@$P~show~0~2~75~200~~gge1502~0^^75~200^^M 75 200 h -20~#880000^^1~53~203~0~2~end~~~#0000FF^^0~70~199~0~2~start~~~#0000FF^^0~58~200^^0~M 55 197 L 52 200 L 55 203#@$R~45~180~2~2~20~30~#000000~1~0~none~gge1509~0~",
          "LIB~55~395~package`HEADER1*4P`BOM_Manufacturer Part`New SchematicLib`Contributor`hardstylzgaming`spicePre`U`~180~0~gge48f0ae2437312dae~09f3273c2338473581c6e757c6dde29d~08a91ae35f9740dea8085e0ce2e0edd4~0~~yes~yes~~~#@$T~N~60.03125~357~0~#000080~Arial~~~~~comment~Header 1*4P~1~start~gge1857~0~#@$T~P~60.0390625~348~0~#000080~Arial~~~~~comment~U2~1~start~gge1859~0~#@$P~show~0~1~85~400~0~gge1861~0^^85~400^^M 85 400 h -20~#880000^^1~63~403~0~1~end~~~#0000FF^^1~70~399~0~1~start~~~#0000FF^^0~68~400^^0~M 65 397 L 62 400 L 65 403#@$P~show~0~2~85~390~0~gge1868~0^^85~390^^M 85 390 h -20~#880000^^1~63~393~0~2~end~~~#0000FF^^1~70~389~0~2~start~~~#0000FF^^0~68~390^^0~M 65 387 L 62 390 L 65 393#@$P~show~0~3~85~380~0~gge1875~0^^85~380^^M 85 380 h -20~#880000^^1~63~383~0~3~end~~~#0000FF^^1~70~379~0~3~start~~~#0000FF^^0~68~380^^0~M 65 377 L 62 380 L 65 383#@$P~show~0~4~85~370~0~gge1882~0^^85~370^^M 85 370 h -20~#880000^^1~63~373~0~4~end~~~#0000FF^^1~70~369~0~4~start~~~#0000FF^^0~68~370^^0~M 65 367 L 62 370 L 65 373#@$R~45~360~~~20~50~#000000~1~0~none~gge1889~0~",
          "T~L~45~150~0~#0000FF~~9pt~~~~comment~9V IN~1~start~gge1926~0~pinpart",
          "T~L~40~330~0~#0000FF~~9pt~undefined~undefined~~comment~NIXIE SUPPLY~1~start~gge1930~0~pinpart",
          "F~part_netLabel_GNd~90~220~0~gge1934~~0^^90~220^^GND~#0000FF~91~228~0~start~0~Times New Roman~9pt~flag_gge16^^PL~90 230 90 220~#000000~1~0~transparent~gge1937~0^^PL~90 230 100 230 90 236 80 230 90 230~#000000~1~0~transparent~gge1938~0",
          "F~part_netLabel_GNd~130~420~0~gge1944~~0^^130~420^^GND~#0000FF~131~428~0~start~0~Times New Roman~9pt~flag_gge19^^PL~130 430 130 420~#000000~1~0~transparent~gge1947~0^^PL~130 430 140 430 130 436 120 430 130 430~#000000~1~0~transparent~gge1948~0",
          "W~85 380 130 380 130 420~#008800~1~0~none~gge1954~0",
          "W~85 390 130 390~#008800~1~0~none~gge1955~0",
          "W~75 200 90 200 90 220~#008800~1~0~none~gge1957~0",
          "LIB~345~85~package`HDR-8X1/2.54`BOM_Supplier Part`undefined`BOM_Supplier`LCSC`BOM_Manufacturer`ReliaPro`BOM_Manufacturer Part`Header2.54mm 1*8P`image`http://image.lceda.cn/szlcsc/C49256.jpg`spicePre`P`~90~0~gge16cbebb8866e1842~5363975b6427dff787dd00c04f1fa455~6baac764081545900d527035a5806b9d~0~~yes~yes~~~#@$T~N~344.296875~52~0~#000080~Arial~~~~~comment~Header2.54mm 1*8P~1~start~gge2023~0~#@$T~P~344.296875~43~0~#000080~Arial~~~~~comment~P2~1~start~gge2025~0~#@$R~310~55~2~2~80~20~#880000~1~0~none~gge2027~0~#@$P~show~1~1~315~95~270~gge2028~0^^315~95^^M 315 95 v -20~#000000^^1~318~70~270~1~start~~~#000000^^0~314~80~270~1~end~~~#000000^^0~315~78^^0~M 318 75 L 315 72 L 312 75#@$P~show~1~2~325~95~270~gge2035~0^^325~95^^M 325 95 v -20~#000000^^1~328~70~270~2~start~~~#000000^^0~324~80~270~2~end~~~#000000^^0~325~78^^0~M 328 75 L 325 72 L 322 75#@$P~show~1~3~335~95~270~gge2042~0^^335~95^^M 335 95 v -20~#000000^^1~338~70~270~3~start~~~#000000^^0~334~80~270~3~end~~~#000000^^0~335~78^^0~M 338 75 L 335 72 L 332 75#@$P~show~1~4~345~95~270~gge2049~0^^345~95^^M 345 95 v -20~#000000^^1~348~70~270~4~start~~~#000000^^0~344~80~270~4~end~~~#000000^^0~345~78^^0~M 348 75 L 345 72 L 342 75#@$P~show~1~5~355~95~270~gge2056~0^^355~95^^M 355 95 v -20~#000000^^1~358~70~270~5~start~~~#000000^^0~354~80~270~5~end~~~#000000^^0~355~78^^0~M 358 75 L 355 72 L 352 75#@$P~show~1~6~365~95~270~gge2063~0^^365~95^^M 365 95 v -20~#000000^^1~368~70~270~6~start~~~#000000^^0~364~80~270~6~end~~~#000000^^0~365~78^^0~M 368 75 L 365 72 L 362 75#@$P~show~1~7~375~95~270~gge2070~0^^375~95^^M 375 95 v -20~#000000^^1~378~70~270~7~start~~~#000000^^0~374~80~270~7~end~~~#000000^^0~375~78^^0~M 378 75 L 375 72 L 372 75#@$P~show~1~8~385~95~270~gge2077~0^^385~95^^M 385 95 v -20~#000000^^1~388~70~270~8~start~~~#000000^^0~384~80~270~8~end~~~#000000^^0~385~78^^0~M 388 75 L 385 72 L 382 75",
          "LIB~565~85~package`HDR-8X1/2.54`BOM_Supplier Part`undefined`BOM_Supplier`LCSC`BOM_Manufacturer`ReliaPro`BOM_Manufacturer Part`Header2.54mm 1*8P`image`http://image.lceda.cn/szlcsc/C49256.jpg`spicePre`P`~90~0~gge1bc31e334497ec54~5363975b6427dff787dd00c04f1fa455~6baac764081545900d527035a5806b9d~0~~yes~yes~~~#@$T~N~564.296875~52~0~#000080~Arial~~~~~comment~Header2.54mm 1*8P~1~start~gge2087~0~#@$T~P~564.296875~43~0~#000080~Arial~~~~~comment~P3~1~start~gge2089~0~#@$R~530~55~2~2~80~20~#880000~1~0~none~gge2091~0~#@$P~show~1~1~535~95~270~gge2092~0^^535~95^^M 535 95 v -20~#000000^^1~538~70~270~1~start~~~#000000^^0~534~80~270~1~end~~~#000000^^0~535~78^^0~M 538 75 L 535 72 L 532 75#@$P~show~1~2~545~95~270~gge2099~0^^545~95^^M 545 95 v -20~#000000^^1~548~70~270~2~start~~~#000000^^0~544~80~270~2~end~~~#000000^^0~545~78^^0~M 548 75 L 545 72 L 542 75#@$P~show~1~3~555~95~270~gge2106~0^^555~95^^M 555 95 v -20~#000000^^1~558~70~270~3~start~~~#000000^^0~554~80~270~3~end~~~#000000^^0~555~78^^0~M 558 75 L 555 72 L 552 75#@$P~show~1~4~565~95~270~gge2113~0^^565~95^^M 565 95 v -20~#000000^^1~568~70~270~4~start~~~#000000^^0~564~80~270~4~end~~~#000000^^0~565~78^^0~M 568 75 L 565 72 L 562 75#@$P~show~1~5~575~95~270~gge2120~0^^575~95^^M 575 95 v -20~#000000^^1~578~70~270~5~start~~~#000000^^0~574~80~270~5~end~~~#000000^^0~575~78^^0~M 578 75 L 575 72 L 572 75#@$P~show~1~6~585~95~270~gge2127~0^^585~95^^M 585 95 v -20~#000000^^1~588~70~270~6~start~~~#000000^^0~584~80~270~6~end~~~#000000^^0~585~78^^0~M 588 75 L 585 72 L 582 75#@$P~show~1~7~595~95~270~gge2134~0^^595~95^^M 595 95 v -20~#000000^^1~598~70~270~7~start~~~#000000^^0~594~80~270~7~end~~~#000000^^0~595~78^^0~M 598 75 L 595 72 L 592 75#@$P~show~1~8~605~95~270~gge2141~0^^605~95^^M 605 95 v -20~#000000^^1~608~70~270~8~start~~~#000000^^0~604~80~270~8~end~~~#000000^^0~605~78^^0~M 608 75 L 605 72 L 602 75",
          "LIB~760~85~package`HDR-8X1/2.54`BOM_Supplier Part`undefined`BOM_Supplier`LCSC`BOM_Manufacturer`ReliaPro`BOM_Manufacturer Part`Header2.54mm 1*8P`image`http://image.lceda.cn/szlcsc/C49256.jpg`spicePre`P`~90~0~gge6a809a8f8408ed49~5363975b6427dff787dd00c04f1fa455~6baac764081545900d527035a5806b9d~0~~yes~yes~~~#@$T~N~759.296875~52~0~#000080~Arial~~~~~comment~Header2.54mm 1*8P~1~start~gge2151~0~#@$T~P~759.296875~43~0~#000080~Arial~~~~~comment~P4~1~start~gge2153~0~#@$R~725~55~2~2~80~20~#880000~1~0~none~gge2155~0~#@$P~show~1~1~730~95~270~gge2156~0^^730~95^^M 730 95 v -20~#000000^^1~733~70~270~1~start~~~#000000^^0~729~80~270~1~end~~~#000000^^0~730~78^^0~M 733 75 L 730 72 L 727 75#@$P~show~1~2~740~95~270~gge2163~0^^740~95^^M 740 95 v -20~#000000^^1~743~70~270~2~start~~~#000000^^0~739~80~270~2~end~~~#000000^^0~740~78^^0~M 743 75 L 740 72 L 737 75#@$P~show~1~3~750~95~270~gge2170~0^^750~95^^M 750 95 v -20~#000000^^1~753~70~270~3~start~~~#000000^^0~749~80~270~3~end~~~#000000^^0~750~78^^0~M 753 75 L 750 72 L 747 75#@$P~show~1~4~760~95~270~gge2177~0^^760~95^^M 760 95 v -20~#000000^^1~763~70~270~4~start~~~#000000^^0~759~80~270~4~end~~~#000000^^0~760~78^^0~M 763 75 L 760 72 L 757 75#@$P~show~1~5~770~95~270~gge2184~0^^770~95^^M 770 95 v -20~#000000^^1~773~70~270~5~start~~~#000000^^0~769~80~270~5~end~~~#000000^^0~770~78^^0~M 773 75 L 770 72 L 767 75#@$P~show~1~6~780~95~270~gge2191~0^^780~95^^M 780 95 v -20~#000000^^1~783~70~270~6~start~~~#000000^^0~779~80~270~6~end~~~#000000^^0~780~78^^0~M 783 75 L 780 72 L 777 75#@$P~show~1~7~790~95~270~gge2198~0^^790~95^^M 790 95 v -20~#000000^^1~793~70~270~7~start~~~#000000^^0~789~80~270~7~end~~~#000000^^0~790~78^^0~M 793 75 L 790 72 L 787 75#@$P~show~1~8~800~95~270~gge2205~0^^800~95^^M 800 95 v -20~#000000^^1~803~70~270~8~start~~~#000000^^0~799~80~270~8~end~~~#000000^^0~800~78^^0~M 803 75 L 800 72 L 797 75",
          "LIB~955~80~package`HDR-8X1/2.54`BOM_Supplier Part`undefined`BOM_Supplier`LCSC`BOM_Manufacturer`ReliaPro`BOM_Manufacturer Part`Header2.54mm 1*8P`image`http://image.lceda.cn/szlcsc/C49256.jpg`spicePre`P`~90~0~ggea30bd92ff87464e3~5363975b6427dff787dd00c04f1fa455~6baac764081545900d527035a5806b9d~0~~yes~yes~~~#@$T~N~954.296875~47~0~#000080~Arial~~~~~comment~Header2.54mm 1*8P~1~start~gge2215~0~#@$T~P~954.296875~38~0~#000080~Arial~~~~~comment~P5~1~start~gge2217~0~#@$R~920~50~2~2~80~20~#880000~1~0~none~gge2219~0~#@$P~show~1~1~925~90~270~gge2220~0^^925~90^^M 925 90 v -20~#000000^^1~928~65~270~1~start~~~#000000^^0~924~75~270~1~end~~~#000000^^0~925~73^^0~M 928 70 L 925 67 L 922 70#@$P~show~1~2~935~90~270~gge2227~0^^935~90^^M 935 90 v -20~#000000^^1~938~65~270~2~start~~~#000000^^0~934~75~270~2~end~~~#000000^^0~935~73^^0~M 938 70 L 935 67 L 932 70#@$P~show~1~3~945~90~270~gge2234~0^^945~90^^M 945 90 v -20~#000000^^1~948~65~270~3~start~~~#000000^^0~944~75~270~3~end~~~#000000^^0~945~73^^0~M 948 70 L 945 67 L 942 70#@$P~show~1~4~955~90~270~gge2241~0^^955~90^^M 955 90 v -20~#000000^^1~958~65~270~4~start~~~#000000^^0~954~75~270~4~end~~~#000000^^0~955~73^^0~M 958 70 L 955 67 L 952 70#@$P~show~1~5~965~90~270~gge2248~0^^965~90^^M 965 90 v -20~#000000^^1~968~65~270~5~start~~~#000000^^0~964~75~270~5~end~~~#000000^^0~965~73^^0~M 968 70 L 965 67 L 962 70#@$P~show~1~6~975~90~270~gge2255~0^^975~90^^M 975 90 v -20~#000000^^1~978~65~270~6~start~~~#000000^^0~974~75~270~6~end~~~#000000^^0~975~73^^0~M 978 70 L 975 67 L 972 70#@$P~show~1~7~985~90~270~gge2262~0^^985~90^^M 985 90 v -20~#000000^^1~988~65~270~7~start~~~#000000^^0~984~75~270~7~end~~~#000000^^0~985~73^^0~M 988 70 L 985 67 L 982 70#@$P~show~1~8~995~90~270~gge2269~0^^995~90^^M 995 90 v -20~#000000^^1~998~65~270~8~start~~~#000000^^0~994~75~270~8~end~~~#000000^^0~995~73^^0~M 998 70 L 995 67 L 992 70",
          "T~L~280~25.01~0~#0000FF~~9pt~~~~comment~180V GND 9V GND A B C D~1~start~gge2341~0~pinpart",
          "F~part_netLabel_GNd~325~120~0~gge2343~~0^^325~120^^GND~#0000FF~326~128~0~start~0~Times New Roman~9pt~flag_gge22^^PL~325 130 325 120~#000000~1~0~transparent~gge2346~0^^PL~325 130 335 130 325 136 315 130 325 130~#000000~1~0~transparent~gge2347~0",
          "F~part_netLabel_GNd~345~120~0~gge2348~~0^^345~120^^GND~#0000FF~346~128~0~start~0~Times New Roman~9pt~flag_gge25^^PL~345 130 345 120~#000000~1~0~transparent~gge2351~0^^PL~345 130 355 130 345 136 335 130 345 130~#000000~1~0~transparent~gge2352~0",
          "F~part_netLabel_GNd~545~120~0~gge2353~~0^^545~120^^GND~#0000FF~546~128~0~start~0~Times New Roman~9pt~flag_gge28^^PL~545 130 545 120~#000000~1~0~transparent~gge2356~0^^PL~545 130 555 130 545 136 535 130 545 130~#000000~1~0~transparent~gge2357~0",
          "F~part_netLabel_GNd~565~120~0~gge2358~~0^^565~120^^GND~#0000FF~566~128~0~start~0~Times New Roman~9pt~flag_gge31^^PL~565 130 565 120~#000000~1~0~transparent~gge2361~0^^PL~565 130 575 130 565 136 555 130 565 130~#000000~1~0~transparent~gge2362~0",
          "F~part_netLabel_GNd~740~120~0~gge2363~~0^^740~120^^GND~#0000FF~741~128~0~start~0~Times New Roman~9pt~flag_gge34^^PL~740 130 740 120~#000000~1~0~transparent~gge2366~0^^PL~740 130 750 130 740 136 730 130 740 130~#000000~1~0~transparent~gge2367~0",
          "F~part_netLabel_GNd~760~120~0~gge2368~~0^^760~120^^GND~#0000FF~761~128~0~start~0~Times New Roman~9pt~flag_gge37^^PL~760 130 760 120~#000000~1~0~transparent~gge2371~0^^PL~760 130 770 130 760 136 750 130 760 130~#000000~1~0~transparent~gge2372~0",
          "F~part_netLabel_GNd~935~120~0~gge2373~~0^^935~120^^GND~#0000FF~936~128~0~start~0~Times New Roman~9pt~flag_gge40^^PL~935 130 935 120~#000000~1~0~transparent~gge2376~0^^PL~935 130 945 130 935 136 925 130 935 130~#000000~1~0~transparent~gge2377~0",
          "F~part_netLabel_GNd~955~120~0~gge2378~~0^^955~120^^GND~#0000FF~956~128~0~start~0~Times New Roman~9pt~flag_gge43^^PL~955 130 955 120~#000000~1~0~transparent~gge2381~0^^PL~955 130 965 130 955 136 945 130 955 130~#000000~1~0~transparent~gge2382~0",
          "F~part_netLabel_VCC~290~75~0~gge2388~~0^^290~75^^VCC~#000000~278~63~0~start~1~Times New Roman~9pt~flag_gge46^^PL~290 65 290 75~#000000~1~0~transparent~gge2391~0^^PL~285 65 295 65~#000000~1~0~transparent~gge2392~0",
          "F~part_netLabel_VCC~515~75~0~gge2393~~0^^515~75^^VCC~#000000~503~63~0~start~1~Times New Roman~9pt~flag_gge49^^PL~515 65 515 75~#000000~1~0~transparent~gge2396~0^^PL~510 65 520 65~#000000~1~0~transparent~gge2397~0",
          "F~part_netLabel_VCC~710~75~0~gge2398~~0^^710~75^^VCC~#000000~698~63~0~start~1~Times New Roman~9pt~flag_gge52^^PL~710 65 710 75~#000000~1~0~transparent~gge2401~0^^PL~705 65 715 65~#000000~1~0~transparent~gge2402~0",
          "F~part_netLabel_VCC~900~75~0~gge2403~~0^^900~75^^VCC~#000000~888~63~0~start~1~Times New Roman~9pt~flag_gge55^^PL~900 65 900 75~#000000~1~0~transparent~gge2406~0^^PL~895 65 905 65~#000000~1~0~transparent~gge2407~0",
          "W~325 120 325 95~#008800~1~0~none~gge2413~0",
          "W~345 120 345 95~#008800~1~0~none~gge2414~0",
          "W~545 120 545 95~#008800~1~0~none~gge2415~0",
          "W~565 120 565 95~#008800~1~0~none~gge2416~0",
          "W~740 120 740 95~#008800~1~0~none~gge2417~0",
          "W~760 95 760 120~#008800~1~0~none~gge2418~0",
          "W~935 120 935 90~#008800~1~0~none~gge2419~0",
          "W~955 90 955 120~#008800~1~0~none~gge2420~0",
          "W~335 95 335 105 290 105 290 75~#008800~1~0~none~gge2421~0",
          "W~555 95 555 105 515 105 515 75~#008800~1~0~none~gge2422~0",
          "W~750 95 750 110 710 110 710 75~#008800~1~0~none~gge2423~0",
          "W~945 90 945 100 900 100 900 75~#008800~1~0~none~gge2424~0",
          "F~part_netLabel_VCC~705~345~0~gge2425~~0^^705~345^^VCC~#000000~693~333~0~start~1~Times New Roman~9pt~flag_gge58^^PL~705 335 705 345~#000000~1~0~transparent~gge2428~0^^PL~700 335 710 335~#000000~1~0~transparent~gge2429~0",
          "F~part_netLabel_GNd~705~390~0~gge2435~~0^^705~390^^GND~#0000FF~706~398~0~start~0~Times New Roman~9pt~flag_gge61^^PL~705 400 705 390~#000000~1~0~transparent~gge2438~0^^PL~705 400 715 400 705 406 695 400 705 400~#000000~1~0~transparent~gge2439~0",
          "W~705 390 705 375 675 375~#008800~1~0~none~gge2445~0",
          "W~705 345 705 365 675 365~#008800~1~0~none~gge2446~0",
          "W~535 95 535 115 730 115 730 95~#008800~1~0~none~gge2447~0",
          "W~925 90 925 115 730 115~#008800~1~0~none~gge2449~0",
          "W~315 95 315 115 535 115~#008800~1~0~none~gge2451~0",
          "W~85 370 240 370 240 115 315 115~#008800~1~0~none~gge2453~0",
          "F~part_netLabel_VCC~135~175~0~gge2455~~0^^135~175^^VCC~#000000~123~163~0~start~1~Times New Roman~9pt~flag_gge64^^PL~135 165 135 175~#000000~1~0~transparent~gge2458~0^^PL~130 165 140 165~#000000~1~0~transparent~gge2459~0",
          "F~part_netLabel_VCC~140~345~0~gge2460~~0^^140~345^^VCC~#000000~128~333~0~start~1~Times New Roman~9pt~flag_gge67^^PL~140 335 140 345~#000000~1~0~transparent~gge2463~0^^PL~135 335 145 335~#000000~1~0~transparent~gge2464~0",
          "W~85 400 140 400 140 345~#008800~1~0~none~gge2470~0",
          "W~75 190 135 190 135 175~#008800~1~0~none~gge2471~0",
          "F~part_netLabel_+5V~690~285~0~gge3636~~0^^690~285^^+5V~#000000~680~273~0~start~1~Times New Roman~9pt~flag_gge70^^PL~690 275 690 285~#000000~1~0~transparent~gge3639~0^^PL~685 275 695 275~#000000~1~0~transparent~gge3640~0",
          "W~690 285 690 395 675 395~#008800~1~0~none~gge3646~0",
          "LIB~420~405~package`LED-3MM`BOM_Supplier`LCSC`BOM_Manufacturer`KENTO`BOM_Manufacturer Part`LEDOrange orange 3AO4UD`image`//image.lceda.cn/szlcsc/C62095.jpg`Contributor`LCSC`BOM_Supplier Part`C62095`spicePre`L`~180~0~gge7a65b453ee5a9ec2~b970e19bff1d4b838080907787d7dd63~7651ec780786e892a42427f2e1da4958~0~~yes~yes~~~#@$T~N~408.328125~394~0~#000080~Arial~~~~~comment~LEDOrange orange 3AO4UD~1~start~gge4088~0~#@$T~P~408.328125~385.0078125~0~#000080~Arial~~~~~comment~LED1~1~start~gge4090~0~#@$PT~M 405 418 L 409 416 L 407 414 Z ~#880000~1~0~#880000~gge4092~0~#@$PT~M 409 422 L 413 420 L 411 418 Z ~#880000~1~0~#880000~gge4093~0~#@$P~show~0~2~400~405~180~gge4094~0^^400~405^^M 400 405 h 15~#800^^0~419~405~0~K~start~~~#800^^0~411~401~0~2~end~~~#800^^0~412~405^^0~M 415 408 L 418 405 L 415 402#@$PL~412 411 405 418~#880000~1~0~none~gge4101~0#@$PL~416 415 409 422~#880000~1~0~none~gge4102~0#@$P~show~0~1~440~405~0~gge4103~0^^440~405^^M 440 405 h -15~#800^^0~421~405~0~A~end~~~#800^^0~429~401~0~1~start~~~#800^^0~428~405^^0~M 425 402 L 422 405 L 425 408#@$PL~415 413 415 397~#880000~1~0~none~gge4110~0#@$PT~M 425 399 L 415 405 L 425 412 Z ~#880000~1~0~#880000~gge4111~0~",
          "LIB~420~435~package`LED-3MM`BOM_Supplier`LCSC`BOM_Manufacturer`KENTO`BOM_Manufacturer Part`LEDOrange orange 3AO4UD`image`//image.lceda.cn/szlcsc/C62095.jpg`Contributor`LCSC`BOM_Supplier Part`C62095`spicePre`L`~180~0~gge48c2d4982f4ec99a~b970e19bff1d4b838080907787d7dd63~7651ec780786e892a42427f2e1da4958~0~~yes~yes~~~#@$T~N~408.328125~424~0~#000080~Arial~~~~~comment~LEDOrange orange 3AO4UD~1~start~gge4115~0~#@$T~P~408.328125~414.9921875~0~#000080~Arial~~~~~comment~LED2~1~start~gge4117~0~#@$PT~M 405 448 L 409 446 L 407 444 Z ~#880000~1~0~#880000~gge4119~0~#@$PT~M 409 452 L 413 450 L 411 448 Z ~#880000~1~0~#880000~gge4120~0~#@$P~show~0~2~400~435~180~gge4121~0^^400~435^^M 400 435 h 15~#800^^0~419~435~0~K~start~~~#800^^0~411~431~0~2~end~~~#800^^0~412~435^^0~M 415 438 L 418 435 L 415 432#@$PL~412 441 405 448~#880000~1~0~none~gge4128~0#@$PL~416 445 409 452~#880000~1~0~none~gge4129~0#@$P~show~0~1~440~435~0~gge4130~0^^440~435^^M 440 435 h -15~#800^^0~421~435~0~A~end~~~#800^^0~429~431~0~1~start~~~#800^^0~428~435^^0~M 425 432 L 422 435 L 425 438#@$PL~415 443 415 427~#880000~1~0~none~gge4137~0#@$PT~M 425 429 L 415 435 L 425 442 Z ~#880000~1~0~#880000~gge4138~0~",
          "LIB~420~460~package`LED-3MM`BOM_Supplier`LCSC`BOM_Manufacturer`KENTO`BOM_Manufacturer Part`LEDOrange orange 3AO4UD`image`//image.lceda.cn/szlcsc/C62095.jpg`Contributor`LCSC`BOM_Supplier Part`C62095`spicePre`L`~180~0~gge45623aa674b0bd13~b970e19bff1d4b838080907787d7dd63~7651ec780786e892a42427f2e1da4958~0~~yes~yes~~~#@$T~N~408.328125~449~0~#000080~Arial~~~~~comment~LEDOrange orange 3AO4UD~1~start~gge4142~0~#@$T~P~408.328125~439.9921875~0~#000080~Arial~~~~~comment~LED3~1~start~gge4144~0~#@$PT~M 405 473 L 409 471 L 407 469 Z ~#880000~1~0~#880000~gge4146~0~#@$PT~M 409 477 L 413 475 L 411 473 Z ~#880000~1~0~#880000~gge4147~0~#@$P~show~0~2~400~460~180~gge4148~0^^400~460^^M 400 460 h 15~#800^^0~419~460~0~K~start~~~#800^^0~411~456~0~2~end~~~#800^^0~412~460^^0~M 415 463 L 418 460 L 415 457#@$PL~412 466 405 473~#880000~1~0~none~gge4155~0#@$PL~416 470 409 477~#880000~1~0~none~gge4156~0#@$P~show~0~1~440~460~0~gge4157~0^^440~460^^M 440 460 h -15~#800^^0~421~460~0~A~end~~~#800^^0~429~456~0~1~start~~~#800^^0~428~460^^0~M 425 457 L 422 460 L 425 463#@$PL~415 468 415 452~#880000~1~0~none~gge4164~0#@$PT~M 425 454 L 415 460 L 425 467 Z ~#880000~1~0~#880000~gge4165~0~",
          "W~350 385 350 405 400 405~#008800~1~0~none~gge4277~0",
          "W~400 435 355 435~#008800~1~0~none~gge4278~0",
          "W~355 460 400 460~#008800~1~0~none~gge4279~0",
          "W~535 405 505 405 440 405~#008800~1~0~none~gge4280~0",
          "W~535 415 505 415 470 415 470 435 440 435~#008800~1~0~none~gge4281~0",
          "W~535 425 505 425 480 425 480 460 440 460~#008800~1~0~none~gge4282~0",
          "W~315 460 300 460 300 435 315 435~#008800~1~0~none~gge4283~0",
          "W~310 385 310 405 300 405 300 435~#008800~1~0~none~gge4284~0",
          "F~part_netLabel_GNd~300~485~0~gge4286~~0^^300~485^^GND~#0000FF~301~493~0~start~0~Times New Roman~9pt~flag_gge73^^PL~300 495 300 485~#000000~1~0~transparent~gge4289~0^^PL~300 495 310 495 300 501 290 495 300 495~#000000~1~0~transparent~gge4290~0",
          "W~300 485 300 460~#008800~1~0~none~gge4296~0",
          "LIB~330~385~package`RTH025W`Contributor`DangerousPrototype`BOM_Manufacturer Part`?`spicePre`R`~180~0~gge6f63fc6711cfa315~f21e1eba02bd49fca71d828fbc5958f9~a4fe717ca3034468844f06ea737fb719~0~~yes~yes~~~#@$T~N~324.046875~378.671875~0~#000080~Arial~~~~~comment~RESISTOR~1~start~gge4318~0~#@$T~P~324.05~369.6~0~#000080~Arial~~~~~comment~R2~1~start~gge4320~0~#@$PL~340 382 320 382~#8D2323~1~0~none~gge4322~0#@$PL~320 388 340 388~#8D2323~1~0~none~gge4323~0#@$PL~320 382 320 388~#8D2323~1~0~none~gge4324~0#@$PL~340 382 340 388~#8D2323~1~0~none~gge4325~0#@$P~show~0~2~310~385~180~gge4326~0^^310~385^^M 310 385 h 10~#8D2323^^0~323~388~0~2~start~~~#8D2323^^0~314~384~0~2~end~~~#8D2323^^0~317~385^^0~M 320 388 L 323 385 L 320 382#@$P~show~0~1~350~385~0~gge4333~0^^350~385^^M 350 385 h -10~#8D2323^^0~337~388~0~1~end~~~#8D2323^^0~346~384~0~1~start~~~#8D2323^^0~343~385^^0~M 340 382 L 337 385 L 340 388",
          "LIB~335~435~package`RTH025W`Contributor`DangerousPrototype`BOM_Manufacturer Part`?`spicePre`R`~180~0~ggefe89d0632cfce75f~f21e1eba02bd49fca71d828fbc5958f9~a4fe717ca3034468844f06ea737fb719~0~~yes~yes~~~#@$T~N~329.046875~428.671875~0~#000080~Arial~~~~~comment~RESISTOR~1~start~gge4348~0~#@$T~P~329.05~419.6~0~#000080~Arial~~~~~comment~R3~1~start~gge4350~0~#@$PL~345 432 325 432~#8D2323~1~0~none~gge4352~0#@$PL~325 438 345 438~#8D2323~1~0~none~gge4353~0#@$PL~325 432 325 438~#8D2323~1~0~none~gge4354~0#@$PL~345 432 345 438~#8D2323~1~0~none~gge4355~0#@$P~show~0~2~315~435~180~gge4356~0^^315~435^^M 315 435 h 10~#8D2323^^0~328~438~0~2~start~~~#8D2323^^0~319~434~0~2~end~~~#8D2323^^0~322~435^^0~M 325 438 L 328 435 L 325 432#@$P~show~0~1~355~435~0~gge4363~0^^355~435^^M 355 435 h -10~#8D2323^^0~342~438~0~1~end~~~#8D2323^^0~351~434~0~1~start~~~#8D2323^^0~348~435^^0~M 345 432 L 342 435 L 345 438",
          "LIB~335~460~package`RTH025W`Contributor`DangerousPrototype`BOM_Manufacturer Part`?`spicePre`R`~180~0~ggefdc86a4b576d9e98~f21e1eba02bd49fca71d828fbc5958f9~a4fe717ca3034468844f06ea737fb719~0~~yes~yes~~~#@$T~N~329.046875~453.671875~0~#000080~Arial~~~~~comment~RESISTOR~1~start~gge4376~0~#@$T~P~329.05~444.6~0~#000080~Arial~~~~~comment~R4~1~start~gge4378~0~#@$PL~345 457 325 457~#8D2323~1~0~none~gge4380~0#@$PL~325 463 345 463~#8D2323~1~0~none~gge4381~0#@$PL~325 457 325 463~#8D2323~1~0~none~gge4382~0#@$PL~345 457 345 463~#8D2323~1~0~none~gge4383~0#@$P~show~0~2~315~460~180~gge4384~0^^315~460^^M 315 460 h 10~#8D2323^^0~328~463~0~2~start~~~#8D2323^^0~319~459~0~2~end~~~#8D2323^^0~322~460^^0~M 325 463 L 328 460 L 325 457#@$P~show~0~1~355~460~0~gge4391~0^^355~460^^M 355 460 h -10~#8D2323^^0~342~463~0~1~end~~~#8D2323^^0~351~459~0~1~start~~~#8D2323^^0~348~460^^0~M 345 457 L 342 460 L 345 463",
          "LIB~405~535~package`PUSH_BUTTON`Contributor`lukasztolak`timeStamp`1476391671`BOM_Manufacturer Part`?`spicePre`U`~~0~ggebac468049775df37~abca443208e54aff9b7cc9bc57923831~b9f8a157a1fc49a4bc87fad265f7e5e3~0~~yes~yes~~~#@$T~N~399.03125~530~0~#000080~Arial~~~~~comment~PUSH_BUTTON~1~start~gge4404~0~#@$T~P~399.0390625~521~0~#000080~Arial~~~~~comment~U4~1~start~gge4406~0~#@$P~show~0~1~375~555~180~gge4408~0^^375~555^^M 375 555 h 20~#000000^^0~397~558~0~1~start~~~#000000^^1~390~554~0~1~end~~~#000000^^0~392~555^^0~M 395 558 L 398 555 L 395 552#@$P~show~0~2~375~535~180~gge4415~0^^375~535^^M 375 535 h 20~#000000^^0~397~538~0~2~start~~~#000000^^1~390~534~0~2~end~~~#000000^^0~392~535^^0~M 395 538 L 398 535 L 395 532#@$P~show~0~3~435~535~0~gge4422~0^^435~535^^M 435 535 h -20~#000000^^0~413~538~0~3~end~~~#000000^^1~420~534~0~3~start~~~#000000^^0~418~535^^0~M 415 532 L 412 535 L 415 538#@$P~show~0~4~435~555~0~gge4429~0^^435~555^^M 435 555 h -20~#000000^^0~413~558~0~4~end~~~#000000^^1~420~554~0~4~start~~~#000000^^0~418~555^^0~M 415 552 L 412 555 L 415 558#@$E~405~545~5~5~#000000~1~0~none~gge4436~0#@$PL~395 535 395 535~#000000~1~0~none~gge4437~0#@$PL~395 535 395 555~#000000~1~0~none~gge4438~0#@$PL~415 555 415 535~#000000~1~0~none~gge4439~0#@$PL~397 535 413 535 413 555 397 555 397 535 405 535~#000000~1~0~none~gge4440~0",
          "LIB~400~585~package`PUSH_BUTTON`Contributor`lukasztolak`timeStamp`1476391671`BOM_Manufacturer Part`?`spicePre`U`~~0~ggeadf583383e4d69d4~abca443208e54aff9b7cc9bc57923831~b9f8a157a1fc49a4bc87fad265f7e5e3~0~~yes~yes~~~#@$T~N~394.03125~580~0~#000080~Arial~~~~~comment~PUSH_BUTTON~1~start~gge4447~0~#@$T~P~394.0390625~571~0~#000080~Arial~~~~~comment~U5~1~start~gge4449~0~#@$P~show~0~1~370~605~180~gge4451~0^^370~605^^M 370 605 h 20~#000000^^0~392~608~0~1~start~~~#000000^^1~385~604~0~1~end~~~#000000^^0~387~605^^0~M 390 608 L 393 605 L 390 602#@$P~show~0~2~370~585~180~gge4458~0^^370~585^^M 370 585 h 20~#000000^^0~392~588~0~2~start~~~#000000^^1~385~584~0~2~end~~~#000000^^0~387~585^^0~M 390 588 L 393 585 L 390 582#@$P~show~0~3~430~585~0~gge4465~0^^430~585^^M 430 585 h -20~#000000^^0~408~588~0~3~end~~~#000000^^1~415~584~0~3~start~~~#000000^^0~413~585^^0~M 410 582 L 407 585 L 410 588#@$P~show~0~4~430~605~0~gge4472~0^^430~605^^M 430 605 h -20~#000000^^0~408~608~0~4~end~~~#000000^^1~415~604~0~4~start~~~#000000^^0~413~605^^0~M 410 602 L 407 605 L 410 608#@$E~400~595~5~5~#000000~1~0~none~gge4479~0#@$PL~390 585 390 585~#000000~1~0~none~gge4480~0#@$PL~390 585 390 605~#000000~1~0~none~gge4481~0#@$PL~410 605 410 585~#000000~1~0~none~gge4482~0#@$PL~392 585 408 585 408 605 392 605 392 585 400 585~#000000~1~0~none~gge4483~0",
          "LIB~395~635~package`PUSH_BUTTON`Contributor`lukasztolak`timeStamp`1476391671`BOM_Manufacturer Part`?`spicePre`U`~~0~gge124c013cfc851acc~abca443208e54aff9b7cc9bc57923831~b9f8a157a1fc49a4bc87fad265f7e5e3~0~~yes~yes~~~#@$T~N~389.03125~630~0~#000080~Arial~~~~~comment~PUSH_BUTTON~1~start~gge4490~0~#@$T~P~389.0390625~621~0~#000080~Arial~~~~~comment~U6~1~start~gge4492~0~#@$P~show~0~1~365~655~180~gge4494~0^^365~655^^M 365 655 h 20~#000000^^0~387~658~0~1~start~~~#000000^^1~380~654~0~1~end~~~#000000^^0~382~655^^0~M 385 658 L 388 655 L 385 652#@$P~show~0~2~365~635~180~gge4501~0^^365~635^^M 365 635 h 20~#000000^^0~387~638~0~2~start~~~#000000^^1~380~634~0~2~end~~~#000000^^0~382~635^^0~M 385 638 L 388 635 L 385 632#@$P~show~0~3~425~635~0~gge4508~0^^425~635^^M 425 635 h -20~#000000^^0~403~638~0~3~end~~~#000000^^1~410~634~0~3~start~~~#000000^^0~408~635^^0~M 405 632 L 402 635 L 405 638#@$P~show~0~4~425~655~0~gge4515~0^^425~655^^M 425 655 h -20~#000000^^0~403~658~0~4~end~~~#000000^^1~410~654~0~4~start~~~#000000^^0~408~655^^0~M 405 652 L 402 655 L 405 658#@$E~395~645~5~5~#000000~1~0~none~gge4522~0#@$PL~385 635 385 635~#000000~1~0~none~gge4523~0#@$PL~385 635 385 655~#000000~1~0~none~gge4524~0#@$PL~405 655 405 635~#000000~1~0~none~gge4525~0#@$PL~387 635 403 635 403 655 387 655 387 635 395 635~#000000~1~0~none~gge4526~0",
          "W~375 555 335 555 335 605 370 605~#008800~1~0~none~gge4530~0",
          "W~365 655 335 655 335 605~#008800~1~0~none~gge4531~0",
          "F~part_netLabel_GNd~315~580~0~gge4533~~0^^315~580^^GND~#0000FF~316~588~0~start~0~Times New Roman~9pt~flag_gge76^^PL~315 590 315 580~#000000~1~0~transparent~gge4536~0^^PL~315 590 325 590 315 596 305 590 315 590~#000000~1~0~transparent~gge4537~0",
          "W~315 580 315 555 335 555~#008800~1~0~none~gge4543~0",
          "LIB~330~535~package`RTH025W`Contributor`DangerousPrototype`BOM_Manufacturer Part`?`spicePre`R`~180~0~gge353b166cc2dee846~f21e1eba02bd49fca71d828fbc5958f9~a4fe717ca3034468844f06ea737fb719~0~~yes~yes~~~#@$T~N~324.046875~528.671875~0~#000080~Arial~~~~~comment~RESISTOR~1~start~gge4548~0~#@$T~P~324.05~519.6~0~#000080~Arial~~~~~comment~R1~1~start~gge4550~0~#@$PL~340 532 320 532~#8D2323~1~0~none~gge4552~0#@$PL~320 538 340 538~#8D2323~1~0~none~gge4553~0#@$PL~320 532 320 538~#8D2323~1~0~none~gge4554~0#@$PL~340 532 340 538~#8D2323~1~0~none~gge4555~0#@$P~show~0~2~310~535~180~gge4556~0^^310~535^^M 310 535 h 10~#8D2323^^0~323~538~0~2~start~~~#8D2323^^0~314~534~0~2~end~~~#8D2323^^0~317~535^^0~M 320 538 L 323 535 L 320 532#@$P~show~0~1~350~535~0~gge4563~0^^350~535^^M 350 535 h -10~#8D2323^^0~337~538~0~1~end~~~#8D2323^^0~346~534~0~1~start~~~#8D2323^^0~343~535^^0~M 340 532 L 337 535 L 340 538",
          "LIB~325~575~package`RTH025W`Contributor`DangerousPrototype`BOM_Manufacturer Part`?`spicePre`R`~180~0~gge9cdd622c9eeecfe7~f21e1eba02bd49fca71d828fbc5958f9~a4fe717ca3034468844f06ea737fb719~0~~yes~yes~~~#@$T~N~319.046875~568.671875~0~#000080~Arial~~~~~comment~RESISTOR~1~start~gge4576~0~#@$T~P~319.05~559.6~0~#000080~Arial~~~~~comment~R5~1~start~gge4578~0~#@$PL~335 572 315 572~#8D2323~1~0~none~gge4580~0#@$PL~315 578 335 578~#8D2323~1~0~none~gge4581~0#@$PL~315 572 315 578~#8D2323~1~0~none~gge4582~0#@$PL~335 572 335 578~#8D2323~1~0~none~gge4583~0#@$P~show~0~2~305~575~180~gge4584~0^^305~575^^M 305 575 h 10~#8D2323^^0~318~578~0~2~start~~~#8D2323^^0~309~574~0~2~end~~~#8D2323^^0~312~575^^0~M 315 578 L 318 575 L 315 572#@$P~show~0~1~345~575~0~gge4591~0^^345~575^^M 345 575 h -10~#8D2323^^0~332~578~0~1~end~~~#8D2323^^0~341~574~0~1~start~~~#8D2323^^0~338~575^^0~M 335 572 L 332 575 L 335 578",
          "LIB~320~635~package`RTH025W`Contributor`DangerousPrototype`BOM_Manufacturer Part`?`spicePre`R`~180~0~ggee06ccd13940482ac~f21e1eba02bd49fca71d828fbc5958f9~a4fe717ca3034468844f06ea737fb719~0~~yes~yes~~~#@$T~N~314.046875~628.671875~0~#000080~Arial~~~~~comment~RESISTOR~1~start~gge4604~0~#@$T~P~314.05~619.6~0~#000080~Arial~~~~~comment~R6~1~start~gge4606~0~#@$PL~330 632 310 632~#8D2323~1~0~none~gge4608~0#@$PL~310 638 330 638~#8D2323~1~0~none~gge4609~0#@$PL~310 632 310 638~#8D2323~1~0~none~gge4610~0#@$PL~330 632 330 638~#8D2323~1~0~none~gge4611~0#@$P~show~0~2~300~635~180~gge4612~0^^300~635^^M 300 635 h 10~#8D2323^^0~313~638~0~2~start~~~#8D2323^^0~304~634~0~2~end~~~#8D2323^^0~307~635^^0~M 310 638 L 313 635 L 310 632#@$P~show~0~1~340~635~0~gge4619~0^^340~635^^M 340 635 h -10~#8D2323^^0~327~638~0~1~end~~~#8D2323^^0~336~634~0~1~start~~~#8D2323^^0~333~635^^0~M 330 632 L 327 635 L 330 638",
          "W~340 635 365 635~#008800~1~0~none~gge4629~0",
          "W~370 585 345 585 345 575~#008800~1~0~none~gge4630~0",
          "W~350 535 375 535~#008800~1~0~none~gge4631~0",
          "W~300 635 285 635 285 575 305 575~#008800~1~0~none~gge4632~0",
          "W~310 535 285 535 285 575~#008800~1~0~none~gge4633~0",
          "F~part_netLabel_+5V~260~530~0~gge4635~~0^^260~530^^+5V~#000000~250~518~0~start~1~Times New Roman~9pt~flag_gge79^^PL~260 520 260 530~#000000~1~0~transparent~gge4638~0^^PL~255 520 265 520~#000000~1~0~transparent~gge4639~0",
          "W~260 530 260 535 285 535~#008800~1~0~none~gge4645~0",
          "W~535 435 505 435 485 435 485 485 365 485 365 535~#008800~1~0~none~gge4647~0",
          "W~535 445 505 445 490 445 490 490 355 490 355 585~#008800~1~0~none~gge4649~0",
          "W~535 455 505 455 495 455 495 500 300 500 300 615 360 615 360 635~#008800~1~0~none~gge4651~0",
          "F~part_netLabel_GNd~470~350~90~gge4653~~0^^470~350^^GND~#0000FF~478~349~270~start~0~Times New Roman~9pt~flag_gge82^^PL~480 350 470 350~#000000~1~0~transparent~gge4656~0^^PL~480 350 480 340 486 350 480 360 480 350~#000000~1~0~transparent~gge4657~0",
          "W~535 395 505 395 460 395 460 350 470 350~#008800~1~0~none~gge4663~0",
          "LIB~370~280~package`DIL16`Contributor`SparkFun`sourceId`CIUtrpnzx`timeStamp`1468682059`BOM_Manufacturer Part`?`spicePre`U`~90~0~gge66797bcd97f4f6c2~092f6b3ec93f4190bbf3c0c8e4e6920e~d5fabbe9d6514bd29dc39f1190fd4314~0~~yes~yes~~~#@$T~N~432~282.265625~0~#000080~Arial~~~~~comment~74HC595~1~start~gge5890~0~#@$T~P~432.0078125~273.05~0~#000080~Arial~~~~~comment~U3~1~start~gge5892~0~#@$PL~430 300 430 240~#8D2323~2~0~none~gge5894~0#@$PL~430 240 320 240~#8D2323~2~0~none~gge5895~0#@$PL~320 240 320 300~#8D2323~2~0~none~gge5896~0#@$PL~320 300 430 300~#8D2323~2~0~none~gge5897~0#@$P~show~0~1~350~220~90~gge5898~0^^350~220^^M 350 220 v 20~#8D2323^^1~353~243~270~QB~end~~~#8D2323^^1~349~234~270~1~start~~~#8D2323^^0~350~237^^0~M 347 240 L 350 243 L 353 240#@$P~show~0~2~360~220~90~gge5905~0^^360~220^^M 360 220 v 20~#8D2323^^1~363~243~270~QC~end~~~#8D2323^^1~359~234~270~2~start~~~#8D2323^^0~360~237^^0~M 357 240 L 360 243 L 363 240#@$P~show~0~3~370~220~90~gge5912~0^^370~220^^M 370 220 v 20~#8D2323^^1~373~243~270~QD~end~~~#8D2323^^1~369~234~270~3~start~~~#8D2323^^0~370~237^^0~M 367 240 L 370 243 L 373 240#@$P~show~0~4~380~220~90~gge5919~0^^380~220^^M 380 220 v 20~#8D2323^^1~383~243~270~QE~end~~~#8D2323^^1~379~234~270~4~start~~~#8D2323^^0~380~237^^0~M 377 240 L 380 243 L 383 240#@$P~show~0~5~390~220~90~gge5926~0^^390~220^^M 390 220 v 20~#8D2323^^1~393~243~270~QF~end~~~#8D2323^^1~389~234~270~5~start~~~#8D2323^^0~390~237^^0~M 387 240 L 390 243 L 393 240#@$P~show~0~6~400~220~90~gge5933~0^^400~220^^M 400 220 v 20~#8D2323^^1~403~243~270~QG~end~~~#8D2323^^1~399~234~270~6~start~~~#8D2323^^0~400~237^^0~M 397 240 L 400 243 L 403 240#@$P~show~0~7~410~220~90~gge5940~0^^410~220^^M 410 220 v 20~#8D2323^^1~413~243~270~QH~end~~~#8D2323^^1~409~234~270~7~start~~~#8D2323^^0~410~237^^0~M 407 240 L 410 243 L 413 240#@$P~show~1~10~360~320~270~gge5947~0^^360~320^^M 360 320 v -14~#8D2323^^1~363~297~270~SCL~start~~~#8D2323^^1~359~306~270~10~end~~~#8D2323^^1~360~303^^0~M 363 300 L 360 297 L 357 300#@$P~show~1~11~350~320~270~gge5954~0^^350~320^^M 350 320 v -20~#8D2323^^1~353~297~270~SCK~start~~~#8D2323^^1~349~306~270~11~end~~~#8D2323^^0~350~303^^1~M 353 300 L 350 297 L 347 300#@$P~show~1~12~380~320~270~gge5961~0^^380~320^^M 380 320 v -20~#8D2323^^1~383~297~270~RCK~start~~~#8D2323^^1~379~306~270~12~end~~~#8D2323^^0~380~303^^1~M 383 300 L 380 297 L 377 300#@$P~show~1~13~400~320~270~gge5968~0^^400~320^^M 400 320 v -14~#8D2323^^1~403~297~270~G~start~~~#8D2323^^1~399~306~270~13~end~~~#8D2323^^1~400~303^^0~M 403 300 L 400 297 L 397 300#@$P~show~1~14~330~320~270~gge5975~0^^330~320^^M 330 320 v -20~#8D2323^^1~333~297~270~SER~start~~~#8D2323^^1~329~306~270~14~end~~~#8D2323^^0~330~303^^0~M 333 300 L 330 297 L 327 300#@$P~show~0~15~340~220~90~gge5982~0^^340~220^^M 340 220 v 20~#8D2323^^1~343~243~270~QA~end~~~#8D2323^^1~339~234~270~15~start~~~#8D2323^^0~340~237^^0~M 337 240 L 340 243 L 343 240#@$P~show~0~9~420~220~90~gge5989~0^^420~220^^M 420 220 v 20~#8D2323^^1~423~243~270~QH*~end~~~#8D2323^^1~419~234~270~9~start~~~#8D2323^^0~420~237^^0~M 417 240 L 420 243 L 423 240#@$P~show~4~8~420~320~270~gge5996~0^^420~320^^M 420 320 v -20~#8D2323^^1~423~297~270~GND~start~~~#8D2323^^1~419~306~270~8~end~~~#8D2323^^0~420~303^^0~M 423 300 L 420 297 L 417 300#@$P~show~4~16~330~220~90~gge6003~0^^330~220^^M 330 220 v 20~#8D2323^^1~333~243~270~VCC~end~~~#8D2323^^1~329~234~270~16~start~~~#8D2323^^0~330~237^^0~M 327 240 L 330 243 L 333 240",
          "LIB~855~245~package`DIL16`Contributor`SparkFun`sourceId`CIUtrpnzx`timeStamp`1468682059`BOM_Manufacturer Part`?`spicePre`U`~90~0~gge4ec783ed4741de1f~092f6b3ec93f4190bbf3c0c8e4e6920e~d5fabbe9d6514bd29dc39f1190fd4314~0~~yes~yes~~~#@$T~N~917~247.265625~0~#000080~Arial~~~~~comment~74HC595~1~start~gge6013~0~#@$T~P~917.0078125~238.05~0~#000080~Arial~~~~~comment~U7~1~start~gge6015~0~#@$PL~915 265 915 205~#8D2323~2~0~none~gge6017~0#@$PL~915 205 805 205~#8D2323~2~0~none~gge6018~0#@$PL~805 205 805 265~#8D2323~2~0~none~gge6019~0#@$PL~805 265 915 265~#8D2323~2~0~none~gge6020~0#@$P~show~0~1~835~185~90~gge6021~0^^835~185^^M 835 185 v 20~#8D2323^^1~838~208~270~QB~end~~~#8D2323^^1~834~199~270~1~start~~~#8D2323^^0~835~202^^0~M 832 205 L 835 208 L 838 205#@$P~show~0~2~845~185~90~gge6028~0^^845~185^^M 845 185 v 20~#8D2323^^1~848~208~270~QC~end~~~#8D2323^^1~844~199~270~2~start~~~#8D2323^^0~845~202^^0~M 842 205 L 845 208 L 848 205#@$P~show~0~3~855~185~90~gge6035~0^^855~185^^M 855 185 v 20~#8D2323^^1~858~208~270~QD~end~~~#8D2323^^1~854~199~270~3~start~~~#8D2323^^0~855~202^^0~M 852 205 L 855 208 L 858 205#@$P~show~0~4~865~185~90~gge6042~0^^865~185^^M 865 185 v 20~#8D2323^^1~868~208~270~QE~end~~~#8D2323^^1~864~199~270~4~start~~~#8D2323^^0~865~202^^0~M 862 205 L 865 208 L 868 205#@$P~show~0~5~875~185~90~gge6049~0^^875~185^^M 875 185 v 20~#8D2323^^1~878~208~270~QF~end~~~#8D2323^^1~874~199~270~5~start~~~#8D2323^^0~875~202^^0~M 872 205 L 875 208 L 878 205#@$P~show~0~6~885~185~90~gge6056~0^^885~185^^M 885 185 v 20~#8D2323^^1~888~208~270~QG~end~~~#8D2323^^1~884~199~270~6~start~~~#8D2323^^0~885~202^^0~M 882 205 L 885 208 L 888 205#@$P~show~0~7~895~185~90~gge6063~0^^895~185^^M 895 185 v 20~#8D2323^^1~898~208~270~QH~end~~~#8D2323^^1~894~199~270~7~start~~~#8D2323^^0~895~202^^0~M 892 205 L 895 208 L 898 205#@$P~show~1~10~845~285~270~gge6070~0^^845~285^^M 845 285 v -14~#8D2323^^1~848~262~270~SCL~start~~~#8D2323^^1~844~271~270~10~end~~~#8D2323^^1~845~268^^0~M 848 265 L 845 262 L 842 265#@$P~show~1~11~835~285~270~gge6077~0^^835~285^^M 835 285 v -20~#8D2323^^1~838~262~270~SCK~start~~~#8D2323^^1~834~271~270~11~end~~~#8D2323^^0~835~268^^1~M 838 265 L 835 262 L 832 265#@$P~show~1~12~865~285~270~gge6084~0^^865~285^^M 865 285 v -20~#8D2323^^1~868~262~270~RCK~start~~~#8D2323^^1~864~271~270~12~end~~~#8D2323^^0~865~268^^1~M 868 265 L 865 262 L 862 265#@$P~show~1~13~885~285~270~gge6091~0^^885~285^^M 885 285 v -14~#8D2323^^1~888~262~270~G~start~~~#8D2323^^1~884~271~270~13~end~~~#8D2323^^1~885~268^^0~M 888 265 L 885 262 L 882 265#@$P~show~1~14~815~285~270~gge6098~0^^815~285^^M 815 285 v -20~#8D2323^^1~818~262~270~SER~start~~~#8D2323^^1~814~271~270~14~end~~~#8D2323^^0~815~268^^0~M 818 265 L 815 262 L 812 265#@$P~show~0~15~825~185~90~gge6105~0^^825~185^^M 825 185 v 20~#8D2323^^1~828~208~270~QA~end~~~#8D2323^^1~824~199~270~15~start~~~#8D2323^^0~825~202^^0~M 822 205 L 825 208 L 828 205#@$P~show~0~9~905~185~90~gge6112~0^^905~185^^M 905 185 v 20~#8D2323^^1~908~208~270~QH*~end~~~#8D2323^^1~904~199~270~9~start~~~#8D2323^^0~905~202^^0~M 902 205 L 905 208 L 908 205#@$P~show~4~8~905~285~270~gge6119~0^^905~285^^M 905 285 v -20~#8D2323^^1~908~262~270~GND~start~~~#8D2323^^1~904~271~270~8~end~~~#8D2323^^0~905~268^^0~M 908 265 L 905 262 L 902 265#@$P~show~4~16~815~185~90~gge6126~0^^815~185^^M 815 185 v 20~#8D2323^^1~818~208~270~VCC~end~~~#8D2323^^1~814~199~270~16~start~~~#8D2323^^0~815~202^^0~M 812 205 L 815 208 L 818 205",
          "W~340 220 340 185 340 150 355 150 355 95~#008800~1~0~none~gge6256~0",
          "W~350 220 350 185 350 155 365 155 365 95~#008800~1~0~none~gge6257~0",
          "W~360 220 360 185 360 160 375 160 375 95~#008800~1~0~none~gge6258~0",
          "W~370 220 370 185 370 165 385 165 385 95~#008800~1~0~none~gge6259~0",
          "W~380 220 380 185 380 170 575 170 575 95~#008800~1~0~none~gge6260~0",
          "W~390 220 390 185 390 175 585 175 585 95~#008800~1~0~none~gge6262~0",
          "W~400 220 400 185 400 180 595 180 595 95~#008800~1~0~none~gge6263~0",
          "W~410 220 410 185 605 185 605 95~#008800~1~0~none~gge6274~0",
          "W~825 185 825 135 770 135 770 95~#008800~1~0~none~gge6276~0",
          "W~780 95 780 130 835 130 835 185~#008800~1~0~none~gge6277~0",
          "W~845 185 845 120 790 120 790 95~#008800~1~0~none~gge6278~0",
          "W~800 95 855 95 855 185~#008800~1~0~none~gge6279~0",
          "W~965 90 965 155 865 155 865 185~#008800~1~0~none~gge6280~0",
          "W~875 185 875 160 975 160 975 90~#008800~1~0~none~gge6281~0",
          "W~985 90 985 165 885 165 885 185~#008800~1~0~none~gge6282~0",
          "W~895 185 895 170 995 170 995 90~#008800~1~0~none~gge6283~0",
          "F~part_netLabel_+5V~770~180~0~gge6284~~0^^770~180^^+5V~#000000~760~168~0~start~1~Times New Roman~9pt~flag_gge85^^PL~770 170 770 180~#000000~1~0~transparent~gge6287~0^^PL~765 170 775 170~#000000~1~0~transparent~gge6288~0",
          "F~part_netLabel_GNd~905~300~0~gge6294~~0^^905~300^^GND~#0000FF~906~308~0~start~0~Times New Roman~9pt~flag_gge88^^PL~905 310 905 300~#000000~1~0~transparent~gge6297~0^^PL~905 310 915 310 905 316 895 310 905 310~#000000~1~0~transparent~gge6298~0",
          "F~part_netLabel_GNd~420~335~0~gge6299~~0^^420~335^^GND~#0000FF~421~343~0~start~0~Times New Roman~9pt~flag_gge91^^PL~420 345 420 335~#000000~1~0~transparent~gge6302~0^^PL~420 345 430 345 420 351 410 345 420 345~#000000~1~0~transparent~gge6303~0",
          "F~part_netLabel_+5V~315~205~0~gge6309~~0^^315~205^^+5V~#000000~305~193~0~start~1~Times New Roman~9pt~flag_gge94^^PL~315 195 315 205~#000000~1~0~transparent~gge6312~0^^PL~310 195 320 195~#000000~1~0~transparent~gge6313~0",
          "W~330 220 330 210 315 210 315 205~#008800~1~0~none~gge6319~0",
          "W~420 320 420 335~#008800~1~0~none~gge6320~0",
          "W~770 180 815 180 815 185~#008800~1~0~none~gge6321~0",
          "W~905 285 905 300~#008800~1~0~none~gge6322~0",
          "W~420 220 420 205 755 205 755 310 815 310 815 285~#008800~1~0~none~gge6323~0",
          "W~535 465 505 465 500 465 500 475 290 475 290 350 330 350 330 320~#008800~1~0~none~gge6324~0",
          "W~400 320 400 330 420 330~#008800~1~0~none~gge6326~0",
          "W~885 285 885 295 905 295~#008800~1~0~none~gge6328~0",
          "W~845 285 845 295 790 295 790 180~#008800~1~0~none~gge6330~0",
          "W~360 320 360 335 315 335 315 210~#008800~1~0~none~gge6332~0",
          "W~350 320 350 355 445 355 445 320 835 320 835 285~#008800~1~0~none~gge6334~0",
          "W~865 280 865 315 440 315 440 360 380 360 380 320~#008800~1~0~none~gge6335~0",
          "W~535 475 525 475 525 320~#008800~1~0~none~gge6356~0",
          "W~535 485 520 485 520 315~#008800~1~0~none~gge6358~0",
          "LIB~820~460~package`HDR-5X1/2.54`BOM_Supplier`LCSC`BOM_Manufacturer`BOOMELE`BOM_Manufacturer Part`2.54mm 1*5p Female header`image`//image.lceda.cn/szlcsc/C50950.jpg`Contributor`LCSC`BOM_Supplier Part`C50950`spicePre`H`~~0~gge42baa21c67f8a3af~4d6b9376ee4529c70316a34e580ced22~76d1280f2be942b4a7894b917959b68f~0~~yes~yes~~~#@$T~N~818.03125~427~0~#000080~Arial~~~~~comment~Header-Female-2.54_1x5~1~start~gge6594~0~#@$T~P~818.0390625~418~0~#000080~Arial~~~~~comment~H1~1~start~gge6596~0~#@$R~820~430~2~2~20~60~#880000~1~0~none~gge6598~0~#@$P~show~1~1~810~440~180~gge6599~0^^810~440^^M 810 440 h 10~#000000^^1~825~443~0~1~start~~~#000000^^0~820~439~0~1~end~~~#000000^^0~817~440^^0~M 820 443 L 823 440 L 820 437#@$P~show~1~2~810~450~180~gge6606~0^^810~450^^M 810 450 h 10~#000000^^1~825~453~0~2~start~~~#000000^^0~820~449~0~2~end~~~#000000^^0~817~450^^0~M 820 453 L 823 450 L 820 447#@$P~show~1~3~810~460~180~gge6613~0^^810~460^^M 810 460 h 10~#000000^^1~825~463~0~3~start~~~#000000^^0~820~459~0~3~end~~~#000000^^0~817~460^^0~M 820 463 L 823 460 L 820 457#@$P~show~1~4~810~470~180~gge6620~0^^810~470^^M 810 470 h 10~#000000^^1~825~473~0~4~start~~~#000000^^0~820~469~0~4~end~~~#000000^^0~817~470^^0~M 820 473 L 823 470 L 820 467#@$P~show~1~5~810~480~180~gge6627~0^^810~480^^M 810 480 h 10~#000000^^1~825~483~0~5~start~~~#000000^^0~820~479~0~5~end~~~#000000^^0~817~480^^0~M 820 483 L 823 480 L 820 477",
          "W~810 480 760 480 760 375 705 375~#008800~1~0~none~gge6678~0",
          "W~810 470 690 470 690 395~#008800~1~0~none~gge6681~0",
          "W~675 425 795 425 795 450 810 450~#008800~1~0~none~gge6683~0",
          "W~810 460 710 460 710 435 675 435~#008800~1~0~none~gge6684~0",
          "LIB~1010~245~package`HDR-5X1/2.54`BOM_Supplier`LCSC`BOM_Manufacturer`BOOMELE`BOM_Manufacturer Part`2.54mm 1*5p Female header`image`//image.lceda.cn/szlcsc/C50950.jpg`Contributor`LCSC`BOM_Supplier Part`C50950`spicePre`H`~~0~ggeb7e18a508253e952~4d6b9376ee4529c70316a34e580ced22~76d1280f2be942b4a7894b917959b68f~0~~yes~yes~~~#@$T~N~1008.03125~212~0~#000080~Arial~~~~~comment~Header-Female-2.54_1x5~1~start~gge6837~0~#@$T~P~1008.0390625~203~0~#000080~Arial~~~~~comment~H2~1~start~gge6839~0~#@$R~1010~215~2~2~20~60~#880000~1~0~none~gge6841~0~#@$P~show~1~1~1000~225~180~gge6842~0^^1000~225^^M 1000 225 h 10~#000000^^1~1015~228~0~1~start~~~#000000^^0~1010~224~0~1~end~~~#000000^^0~1007~225^^0~M 1010 228 L 1013 225 L 1010 222#@$P~show~1~2~1000~235~180~gge6849~0^^1000~235^^M 1000 235 h 10~#000000^^1~1015~238~0~2~start~~~#000000^^0~1010~234~0~2~end~~~#000000^^0~1007~235^^0~M 1010 238 L 1013 235 L 1010 232#@$P~show~1~3~1000~245~180~gge6856~0^^1000~245^^M 1000 245 h 10~#000000^^1~1015~248~0~3~start~~~#000000^^0~1010~244~0~3~end~~~#000000^^0~1007~245^^0~M 1010 248 L 1013 245 L 1010 242#@$P~show~1~4~1000~255~180~gge6863~0^^1000~255^^M 1000 255 h 10~#000000^^1~1015~258~0~4~start~~~#000000^^0~1010~254~0~4~end~~~#000000^^0~1007~255^^0~M 1010 258 L 1013 255 L 1010 252#@$P~show~1~5~1000~265~180~gge6870~0^^1000~265^^M 1000 265 h 10~#000000^^1~1015~268~0~5~start~~~#000000^^0~1010~264~0~5~end~~~#000000^^0~1007~265^^0~M 1010 268 L 1013 265 L 1010 262",
          "W~1000 265 975 265 975 295 905 295~#008800~1~0~none~gge6921~0",
          "W~1000 225 975 225 975 180 815 180~#008800~1~0~none~gge6922~0",
          "W~1000 235 970 235 970 315 865 315~#008800~1~0~none~gge6926~0",
          "W~1000 245 965 245 965 320 835 320~#008800~1~0~none~gge6928~0",
          "W~905 185 960 185 960 255 1000 255~#008800~1~0~none~gge6930~0",
          "T~L~1046.92~309.6~270~#0000FF~~9pt~~~~comment~EXPAN HEADER~1~start~gge6931~0~pinpart",
          "LIB~820~550~package`HDR-5X1/2.54`BOM_Supplier`LCSC`BOM_Manufacturer`BOOMELE`BOM_Manufacturer Part`2.54mm 1*5p Female header`image`//image.lceda.cn/szlcsc/C50950.jpg`Contributor`LCSC`BOM_Supplier Part`C50950`spicePre`H`~~0~gge0c3ab7284e9cbe73~4d6b9376ee4529c70316a34e580ced22~76d1280f2be942b4a7894b917959b68f~0~~yes~yes~~~#@$T~N~818.03125~517~0~#000080~Arial~~~~~comment~Header-Female-2.54_1x5~1~start~gge6938~0~#@$T~P~818.0390625~508~0~#000080~Arial~~~~~comment~H3~1~start~gge6940~0~#@$R~820~520~2~2~20~60~#880000~1~0~none~gge6942~0~#@$P~show~1~1~810~530~180~gge6943~0^^810~530^^M 810 530 h 10~#000000^^1~825~533~0~1~start~~~#000000^^0~820~529~0~1~end~~~#000000^^0~817~530^^0~M 820 533 L 823 530 L 820 527#@$P~show~1~2~810~540~180~gge6950~0^^810~540^^M 810 540 h 10~#000000^^1~825~543~0~2~start~~~#000000^^0~820~539~0~2~end~~~#000000^^0~817~540^^0~M 820 543 L 823 540 L 820 537#@$P~show~1~3~810~550~180~gge6957~0^^810~550^^M 810 550 h 10~#000000^^1~825~553~0~3~start~~~#000000^^0~820~549~0~3~end~~~#000000^^0~817~550^^0~M 820 553 L 823 550 L 820 547#@$P~show~1~4~810~560~180~gge6964~0^^810~560^^M 810 560 h 10~#000000^^1~825~563~0~4~start~~~#000000^^0~820~559~0~4~end~~~#000000^^0~817~560^^0~M 820 563 L 823 560 L 820 557#@$P~show~1~5~810~570~180~gge6971~0^^810~570^^M 810 570 h 10~#000000^^1~825~573~0~5~start~~~#000000^^0~820~569~0~5~end~~~#000000^^0~817~570^^0~M 820 573 L 823 570 L 820 567",
          "F~part_netLabel_GNd~760~600~0~gge6981~~0^^760~600^^GND~#0000FF~761~608~0~start~0~Times New Roman~9pt~flag_gge97^^PL~760 610 760 600~#000000~1~0~transparent~gge6984~0^^PL~760 610 770 610 760 616 750 610 760 610~#000000~1~0~transparent~gge6985~0",
          "F~part_netLabel_+5V~735~500~0~gge6991~~0^^735~500^^+5V~#000000~725~488~0~start~1~Times New Roman~9pt~flag_gge100^^PL~735 490 735 500~#000000~1~0~transparent~gge6994~0^^PL~730 490 740 490~#000000~1~0~transparent~gge6995~0",
          "W~810 570 760 570 760 600~#008800~1~0~none~gge7003~0",
          "W~810 530 735 530 735 500~#008800~1~0~none~gge7004~0",
          "W~535 375 465 375 465 510 520 510 520 570 755 570 755 560 810 560~#008800~1~0~none~gge7005~0",
          "W~810 550 450 550 450 365 535 365~#008800~1~0~none~gge7006~0",
          "W~675 445 705 445 705 540 810 540~#008800~1~0~none~gge7007~0",
          "LIB~800~615~package`1*2 HEADER`BOM_Manufacturer Part`1*2 Header`Contributor`Psychokiller1888`spicePre`P`~180~0~gge2d4d75c2fcc000cd~f6c03d4d149f404486a02568c20acb3e~8a5775910932414d9f84bb12a85a7113~0~~yes~yes~~~#@$T~N~817.953125~602~0~#000080~Arial~~~~~comment~1*2_Header~1~start~gge7011~0~#@$T~P~817.96~592.94~0~#000080~Arial~~~~~comment~P6~1~start~gge7013~0~#@$P~show~0~1~810~625~180~gge7015~0^^810~625^^M 810 625 h 20~#880000^^1~832~628~0~1~start~~~#0000FF^^0~815~624~0~1~end~~~#0000FF^^0~827~625^^0~M 830 628 L 833 625 L 830 622#@$P~show~0~2~810~615~180~gge7022~0^^810~615^^M 810 615 h 20~#880000^^1~832~618~0~2~start~~~#0000FF^^0~815~614~0~2~end~~~#0000FF^^0~827~615^^0~M 830 618 L 833 615 L 830 612#@$R~820~605~2~2~20~30~#000000~1~0~none~gge7029~0~",
          "W~810 625 505 625 505 495 535 495~#008800~1~0~none~gge7043~0",
          "W~810 615 515 615 515 500 535 500 535 505~#008800~1~0~none~gge7045~0",
          "J~835~320~2.5~#CC0000~gge6929~0",
          "J~690~395~2.5~#CC0000~gge6682~0",
          "J~520~315~2.5~#CC0000~gge6359~0",
          "J~790~180~2.5~#CC0000~gge6331~0",
          "J~420~330~2.5~#CC0000~gge6327~0",
          "J~360~635~2.5~#CC0000~gge4652~0",
          "J~365~535~2.5~#CC0000~gge4648~0",
          "J~535~115~2.5~#CC0000~gge2452~0",
          "J~130~390~2.5~#CC0000~gge1956~0",
          "J~730~115~2.5~#CC0000~gge2450~0",
          "J~315~115~2.5~#CC0000~gge2454~0",
          "J~300~435~2.5~#CC0000~gge4285~0",
          "J~300~460~2.5~#CC0000~gge4297~0",
          "J~335~605~2.5~#CC0000~gge4532~0",
          "J~335~555~2.5~#CC0000~gge4544~0",
          "J~285~575~2.5~#CC0000~gge4634~0",
          "J~285~535~2.5~#CC0000~gge4646~0",
          "J~355~585~2.5~#CC0000~gge4650~0",
          "J~905~295~2.5~#CC0000~gge6329~0",
          "J~315~210~2.5~#CC0000~gge6333~0",
          "J~865~285~2.5~#CC0000~gge6336~0",
          "J~525~320~2.5~#CC0000~gge6357~0",
          "J~705~375~2.5~#CC0000~gge6679~0",
          "J~815~180~2.5~#CC0000~gge6923~0",
          "J~865~315~2.5~#CC0000~gge6927~0"
        ],
        "BBox": {
          "x": 0,
          "y": -0.7,
          "width": 1149,
          "height": 807
        },
        "colors": {}
      }
    }
  ]
}