{
  "editorVersion": "6.5.22",
  "docType": "5",
  "title": "nixie adapter",
  "description": "",
  "colors": {},
  "schematics": [
    {
      "docType": "1",
      "title": "Sheet_1",
      "description": "",
      "dataStr": {
        "head": {
          "docType": "1",
          "editorVersion": "6.5.22",
          "c_para": {
            "Prefix Start": "1"
          },
          "c_spiceCmd": "null",
          "hasIdFlag": true,
          "x": "0",
          "y": "0",
          "portOfADImportHack": "",
          "importFlag": 0,
          "transformList": "",
          "uuid": "1a96e8ebd4c0443f9787e20c35ceb455",
          "newgId": true
        },
        "canvas": "CA~1000~1000~#FFFFFF~yes~#CCCCCC~5~1000~1000~line~5~pixel~5~0~0",
        "shape": [
          "LIB~550~401~package`NONE`BOM_Manufacturer Part`?`spicePre`.`~~0~frame_lib_1~~~0~~yes~yes~~~#@$T~N~572.640625~-3~0~#000080~Arial~~~~~comment~NO~0~start~gge92~0~#@$T~P~572.6484375~-13.703125~0~#000080~Arial~~~~~comment~.~0~start~gge94~0~#@$PT~M 206 10 L 206 0 M 206 796 L 206 806 M 402 10 L 402 0 M 402 796 L 402 806 M 598 10 L 598 0 M 598 796 L 598 806 M 794 10 L 794 0 M 794 796 L 794 806 M 990 10 L 990 0 M 990 796 L 990 806 M 10 206 L 0 206 M 1139 206 L 1149 206 M 10 402 L 0 402 M 1139 402 L 1149 402 M 10 598 L 0 598 M 1139 598 L 1149 598 M 10 794 L 0 794 M 1139 794 L 1149 794~#880000~1~0~none~frame_tick_1~0~frame_tick#@$T~L~1.5~108~0~#880000~~~~~~comment~A~1~start~frame_tick_2~0~frame_tick#@$T~L~1140.5~108~0~#880000~~~~~~comment~A~1~start~frame_tick_3~0~frame_tick#@$T~L~1.5~304~0~#880000~~~~~~comment~B~1~start~frame_tick_4~0~frame_tick#@$T~L~1140.5~304~0~#880000~~~~~~comment~B~1~start~frame_tick_5~0~frame_tick#@$T~L~1.5~500~0~#880000~~~~~~comment~C~1~start~frame_tick_6~0~frame_tick#@$T~L~1140.5~500~0~#880000~~~~~~comment~C~1~start~frame_tick_7~0~frame_tick#@$T~L~1.5~696~0~#880000~~~~~~comment~D~1~start~frame_tick_8~0~frame_tick#@$T~L~1140.5~696~0~#880000~~~~~~comment~D~1~start~frame_tick_9~0~frame_tick#@$T~L~108~8.5~0~#880000~~~~~~comment~1~1~start~frame_tick_10~0~frame_tick#@$T~L~108~804.5~0~#880000~~~~~~comment~1~1~start~frame_tick_11~0~frame_tick#@$T~L~304~8.5~0~#880000~~~~~~comment~2~1~start~frame_tick_12~0~frame_tick#@$T~L~304~804.5~0~#880000~~~~~~comment~2~1~start~frame_tick_13~0~frame_tick#@$T~L~500~8.5~0~#880000~~~~~~comment~3~1~start~frame_tick_14~0~frame_tick#@$T~L~500~804.5~0~#880000~~~~~~comment~3~1~start~frame_tick_15~0~frame_tick#@$T~L~696~8.5~0~#880000~~~~~~comment~4~1~start~frame_tick_16~0~frame_tick#@$T~L~696~804.5~0~#880000~~~~~~comment~4~1~start~frame_tick_17~0~frame_tick#@$T~L~892~8.5~0~#880000~~~~~~comment~5~1~start~frame_tick_18~0~frame_tick#@$T~L~892~804.5~0~#880000~~~~~~comment~5~1~start~frame_tick_19~0~frame_tick#@$R~10~10~~~1129~786~#880000~1~0~none~frame_innerbox_1~0~frame_innerbox#@$R~0~0~~~1149~806~#880000~1~0~none~frame_outbox_1~0~frame_outbox#@$R~739~716~~~400~80~#880000~1~0~none~frame_hitarea_1~0~frame_hitarea#@$PL~739 756 1139 756~#880000~1~0~none~gge150~0#@$PL~739 776 1139 776~#880000~1~0~none~gge151~0#@$PL~1059 716 1059 756~#880000~1~0~none~gge152~0#@$PL~1019 756 1019 776~#880000~1~0~none~gge153~0#@$PL~934 776 934 796~#880000~1~0~none~gge154~0#@$T~L~744~728~0~#880000~~8pt~~~~comment~TITLE:~1~start~gge155~0~pinpart#@$T~L~749~746~0~#0000FF~~10pt~~~~comment~New Schematic~1~start~frame_title_1~0~frame_title#@$T~L~1065~742~0~#880000~~8pt~~~~comment~REV:~1~start~gge158~0~pinpart#@$T~L~1096~743~0~#0000FF~~9pt~~~~comment~1.0~1~start~frame_version_1~0~frame_version#@$T~L~744~771~0~#880000~~8pt~~~~comment~Date:~1~start~gge161~0~pinpart#@$T~L~794~771~0~#0000FF~~9pt~~~~comment~2018-10-24~1~start~frame_date_1~0~frame_date#@$T~L~1024~771~0~#880000~~8pt~~~~comment~Sheet:~1~start~gge164~0~pinpart#@$T~L~1069~771~0~#0000FF~~9pt~~~~comment~1/1~1~start~frame_sheet_1~0~frame_sheet#@$T~L~744~791~0~#880000~~8pt~~~~comment~EasyEDA V5.8.19~1~start~frame_product_1~0~frame_product#@$T~L~944~791~0~#880000~~8pt~~~~comment~Drawn By:~1~start~gge168~0~pinpart#@$T~L~1009~791~0~#0000FF~~9pt~~~~comment~RBEGamer~1~start~frame_drawn_1~0~frame_drawn",
          "LIB~480~195~package`IN-16 FOOTPRINT`BOM_Manufacturer Part`IN-14`Contributor`AndySmithersHome`spicePre`U`~~0~gge1bdc0ab44f99f92d~e0ef0c11db1e433cb0f3abe26bcdbfa8~6eb182d2cb154e98a8a217db41c1acd7~0~~yes~yes~~~#@$T~N~552~217.25~0~#000080~Arial~~~~~comment~IN-16~1~start~gge327~0~#@$T~P~552~208.25~0~#000080~Arial~~~~~comment~U1~1~start~gge329~0~#@$A~M 425 185 A 15 15 0 0 0 425 215~~#8D2323~1~0~none~gge331~0#@$A~M 535 215 A 15 15 0 0 0 535 185~~#8D2323~1~0~none~gge332~0#@$PL~425 195 535 195~#8D2323~3~0~none~gge333~0#@$PL~525 218.61 525 210.61~#8D2323~1~0~none~gge334~0#@$PL~515 218.61 515 210.61~#8D2323~1~0~none~gge335~0#@$PL~505 218.61 505 210.61~#8D2323~1~0~none~gge336~0#@$PL~495 218.61 495 210.61~#8D2323~1~0~none~gge337~0#@$PL~485 218.61 485 210.61~#8D2323~1~0~none~gge338~0#@$PL~475 218.61 475 210.61~#8D2323~1~0~none~gge339~0#@$PL~465 218.61 465 210.61~#8D2323~1~0~none~gge340~0#@$PL~455 218.61 455 210.61~#8D2323~1~0~none~gge341~0#@$PL~445 218.61 445 210.61~#8D2323~1~0~none~gge342~0#@$PL~435 218.61 435 210.61~#8D2323~1~0~none~gge343~0#@$E~435~208.61~2~2~#8D2323~1~0~none~gge344~0#@$E~445~208.61~2~2~#8D2323~1~0~none~gge345~0#@$E~455~208.61~2~2~#8D2323~1~0~none~gge346~0#@$E~465~208.61~2~2~#8D2323~1~0~none~gge347~0#@$E~475~208.61~2~2~#8D2323~1~0~none~gge348~0#@$E~485~208.61~2~2~#8D2323~1~0~none~gge349~0#@$E~495~208.61~2~2~#8D2323~1~0~none~gge350~0#@$E~505~208.61~2~2~#8D2323~1~0~none~gge351~0#@$E~515~208.61~2~2~#8D2323~1~0~none~gge352~0#@$E~525~208.61~2~2~#8D2323~1~0~none~gge353~0#@$E~542~199~1~1~#8D2323~2~0~none~gge354~0#@$T~L~512~203~0~#8D2323~~4pt~ ~ ~ ~comment~K3~1~start~gge355~0~pinpart#@$T~L~502~203~0~#8D2323~~4pt~ ~ ~ ~comment~KL~1~start~gge357~0~pinpart#@$T~L~492~203~0~#8D2323~~4pt~ ~ ~ ~comment~K4~1~start~gge359~0~pinpart#@$T~L~482~203~0~#8D2323~~4pt~ ~ ~ ~comment~K5~1~start~gge361~0~pinpart#@$T~L~472~203~0~#8D2323~~4pt~ ~ ~ ~comment~K6~1~start~gge363~0~pinpart#@$T~L~461~203~0~#8D2323~~4pt~ ~ ~ ~comment~K2~1~start~gge365~0~pinpart#@$T~L~452~203~0~#8D2323~~4pt~ ~ ~ ~comment~KR~1~start~gge367~0~pinpart#@$T~L~442~203~0~#8D2323~~4pt~ ~ ~ ~comment~K8~1~start~gge369~0~pinpart#@$T~L~432~202.99995~0~#8D2323~~4pt~ ~ ~ ~comment~K9~1~start~gge371~0~pinpart#@$T~L~522~203~0~#8D2323~~4pt~ ~ ~ ~comment~K7~1~start~gge373~0~pinpart#@$PL~535 185 425 185~#8D2323~1~0~none~gge375~0#@$PL~425 215 535 215~#8D2323~1~0~none~gge376~0#@$PL~425 218.61 425 210.61~#8D2323~1~0~none~gge377~0#@$PL~535 218.61 535 210.61~#8D2323~1~0~none~gge378~0#@$E~535~208.61~2~2~#8D2323~1~0~none~gge379~0#@$E~425~208.61~2~2~#8D2323~1~0~none~gge380~0#@$T~L~421~203~0~#8D2323~~4pt~ ~ ~ ~comment~K0~1~start~gge381~0~pinpart#@$T~L~532~203~0~#8D2323~~4pt~ ~ ~ ~comment~K1~1~start~gge383~0~pinpart#@$PL~480 195 480 185~#8D2323~1~0~none~gge385~0#@$P~show~0~1~480~175~90~gge386~0^^480~175^^M 480 175 v 10~#880000^^0~483~183~270~1~start~~~#0000FF^^1~479~177~270~1~end~~~#0000FF^^0~480~182^^0~M 477 185 L 480 188 L 483 185#@$P~show~0~2~535~235~90~gge393~0^^535~235^^M 535 235 v -20~#880000^^0~538~213~270~2~start~~~#0000FF^^1~534~220~270~2~end~~~#0000FF^^0~535~212^^0~M 532 215 L 535 218 L 538 215#@$P~show~0~3~525~235~90~gge400~0^^525~235^^M 525 235 v -20~#880000^^0~528~213~270~3~start~~~#0000FF^^1~524~220~270~3~end~~~#0000FF^^0~525~212^^0~M 522 215 L 525 218 L 528 215#@$P~show~0~4~515~235~90~gge407~0^^515~235^^M 515 235 v -20~#880000^^0~518~213~270~4~start~~~#0000FF^^1~514~220~270~4~end~~~#0000FF^^0~515~212^^0~M 512 215 L 515 218 L 518 215#@$P~show~0~5~505~235~90~gge414~0^^505~235^^M 505 235 v -20~#880000^^0~508~213~270~5~start~~~#0000FF^^1~504~220~270~5~end~~~#0000FF^^0~505~212^^0~M 502 215 L 505 218 L 508 215#@$P~show~0~6~495~235~90~gge421~0^^495~235^^M 495 235 v -20~#880000^^0~498~213~270~6~start~~~#0000FF^^1~494~220~270~6~end~~~#0000FF^^0~495~212^^0~M 492 215 L 495 218 L 498 215#@$P~show~0~7~485~235~90~gge428~0^^485~235^^M 485 235 v -20~#880000^^0~488~213~270~7~start~~~#0000FF^^1~484~220~270~7~end~~~#0000FF^^0~485~212^^0~M 482 215 L 485 218 L 488 215#@$P~show~0~8~475~235~90~gge435~0^^475~235^^M 475 235 v -20~#880000^^0~478~213~270~8~start~~~#0000FF^^1~474~220~270~8~end~~~#0000FF^^0~475~212^^0~M 472 215 L 475 218 L 478 215#@$P~show~0~9~465~235~90~gge442~0^^465~235^^M 465 235 v -20~#880000^^0~468~213~270~9~start~~~#0000FF^^1~464~220~270~9~end~~~#0000FF^^0~465~212^^0~M 462 215 L 465 218 L 468 215#@$P~show~0~10~455~235~90~gge449~0^^455~235^^M 455 235 v -20~#880000^^0~458~213~270~10~start~~~#0000FF^^1~454~220~270~10~end~~~#0000FF^^0~455~212^^0~M 452 215 L 455 218 L 458 215#@$P~show~0~11~445~235~90~gge456~0^^445~235^^M 445 235 v -20~#880000^^0~448~213~270~11~start~~~#0000FF^^1~444~220~270~11~end~~~#0000FF^^0~445~212^^0~M 442 215 L 445 218 L 448 215#@$P~show~0~12~435~235~90~gge463~0^^435~235^^M 435 235 v -20~#880000^^0~438~213~270~12~start~~~#0000FF^^1~434~220~270~12~end~~~#0000FF^^0~435~212^^0~M 432 215 L 435 218 L 438 215#@$P~show~0~13~425~235~90~gge470~0^^425~235^^M 425 235 v -20~#880000^^0~428~213~270~13~start~~~#0000FF^^1~424~220~270~13~end~~~#0000FF^^0~425~212^^0~M 422 215 L 425 218 L 428 215#@$T~L~481~191~0~#8D2323~~4pt~ ~ ~ ~comment~A~1~start~gge477~0~pinpart",
          "LIB~480~345~package`DIP16`spicePre`X`Contributor`David Hovannesian`BOM_Manufacturer Part`?`~~0~gge124c013cfc851acc~51efe6aa55be4504b9aba85588d087c5~ddfbd7ae245544518ed9e4c07c570c4a~0~~yes~yes~~~#@$T~N~474.03125~340~0~#000080~Arial~~~~~comment~SN74141 BCD to Decimal~1~start~gge637~0~#@$T~P~474.0390625~331~0~#000080~Arial~~~~~comment~U6~1~start~gge639~0~#@$E~455~348~1.5~1.5~#880000~1~0~#880000~gge641~0#@$R~450~343~2~2~60~94~#880000~1~0~none~gge642~0~#@$E~455~348~1.5~1.5~#880000~1~0~#880000~gge643~0#@$P~show~0~1~440~355~180~gge644~0^^440~355^^M 440 355 h 10~#0000CC^^1~453.7~359~0~Q8~start~~~#0000CC^^1~449.5~354~0~1~end~~~#0000CC^^0~447~355^^0~M 450 358 L 453 355 L 450 352#@$P~show~0~2~440~365~180~gge651~0^^440~365^^M 440 365 h 10~#0000CC^^1~453.7~369~0~Q9~start~~~#0000CC^^1~449.5~364~0~2~end~~~#0000CC^^0~447~365^^0~M 450 368 L 453 365 L 450 362#@$P~show~0~3~440~375~180~gge658~0^^440~375^^M 440 375 h 10~#0000CC^^1~453.7~379~0~A~start~~~#0000CC^^1~449.5~374~0~3~end~~~#0000CC^^0~447~375^^0~M 450 378 L 453 375 L 450 372#@$P~show~0~4~440~385~180~gge665~0^^440~385^^M 440 385 h 10~#0000CC^^1~453.7~389~0~D~start~~~#0000CC^^1~449.5~384~0~4~end~~~#0000CC^^0~447~385^^0~M 450 388 L 453 385 L 450 382#@$P~show~0~5~440~395~180~gge672~0^^440~395^^M 440 395 h 10~#FF0000^^1~453.7~399~0~VCC~start~~~#FF0000^^1~449.5~394~0~5~end~~~#FF0000^^0~447~395^^0~M 450 398 L 453 395 L 450 392#@$P~show~0~6~440~405~180~gge679~0^^440~405^^M 440 405 h 10~#0000CC^^1~453.7~409~0~B~start~~~#0000CC^^1~449.5~404~0~6~end~~~#0000CC^^0~447~405^^0~M 450 408 L 453 405 L 450 402#@$P~show~0~7~440~415~180~gge686~0^^440~415^^M 440 415 h 10~#0000CC^^1~453.7~419~0~C~start~~~#0000CC^^1~449.5~414~0~7~end~~~#0000CC^^0~447~415^^0~M 450 418 L 453 415 L 450 412#@$P~show~0~8~440~425~180~gge693~0^^440~425^^M 440 425 h 10~#0000CC^^1~453.7~429~0~Q2~start~~~#0000CC^^1~449.5~424~0~8~end~~~#0000CC^^0~447~425^^0~M 450 428 L 453 425 L 450 422#@$P~show~0~9~520~425~0~gge700~0^^520~425^^M 520 425 h -10~#0000CC^^1~506.3~429~0~Q3~end~~~#0000CC^^1~510.5~424~0~9~start~~~#0000CC^^0~513~425^^0~M 510 422 L 507 425 L 510 428#@$P~show~0~10~520~415~0~gge707~0^^520~415^^M 520 415 h -10~#0000CC^^1~506.3~419~0~Q7~end~~~#0000CC^^1~510.5~414~0~10~start~~~#0000CC^^0~513~415^^0~M 510 412 L 507 415 L 510 418#@$P~show~0~11~520~405~0~gge714~0^^520~405^^M 520 405 h -10~#0000CC^^1~506.3~409~0~Q6~end~~~#0000CC^^1~510.5~404~0~11~start~~~#0000CC^^0~513~405^^0~M 510 402 L 507 405 L 510 408#@$P~show~0~12~520~395~0~gge721~0^^520~395^^M 520 395 h -10~#000000^^1~506.3~399~0~GND~end~~~#000000^^1~510.5~394~0~12~start~~~#000000^^0~513~395^^0~M 510 392 L 507 395 L 510 398#@$P~show~0~13~520~385~0~gge728~0^^520~385^^M 520 385 h -10~#0000CC^^1~506.3~389~0~Q4~end~~~#0000CC^^1~510.5~384~0~13~start~~~#0000CC^^0~513~385^^0~M 510 382 L 507 385 L 510 388#@$P~show~0~14~520~375~0~gge735~0^^520~375^^M 520 375 h -10~#0000CC^^1~506.3~379~0~Q5~end~~~#0000CC^^1~510.5~374~0~14~start~~~#0000CC^^0~513~375^^0~M 510 372 L 507 375 L 510 378#@$P~show~0~15~520~365~0~gge742~0^^520~365^^M 520 365 h -10~#0000CC^^1~506.3~369~0~Q1~end~~~#0000CC^^1~510.5~364~0~15~start~~~#0000CC^^0~513~365^^0~M 510 362 L 507 365 L 510 368#@$P~show~0~16~520~355~0~gge749~0^^520~355^^M 520 355 h -10~#0000CC^^1~506.3~359~0~Q0~end~~~#0000CC^^1~510.5~354~0~16~start~~~#0000CC^^0~513~355^^0~M 510 352 L 507 355 L 510 358",
          "LIB~480~130~package`RTH025W`Contributor`DangerousPrototype`BOM_Manufacturer Part`?`spicePre`R`BOM_VALUE`20K`~90~0~gge353b166cc2dee846~f21e1eba02bd49fca71d828fbc5958f9~a4fe717ca3034468844f06ea737fb719~0~~yes~yes~~~#@$T~N~485~142.25~0~#000080~Arial~~~~~comment~RESISTOR~1~start~gge785~0~#@$T~P~485.0078125~133.25~0~#000080~Arial~~~~~comment~R1~1~start~gge787~0~#@$PL~483 140 483 120~#8D2323~1~0~none~gge789~0#@$PL~477 120 477 140~#8D2323~1~0~none~gge790~0#@$PL~483 120 477 120~#8D2323~1~0~none~gge791~0#@$PL~483 140 477 140~#8D2323~1~0~none~gge792~0#@$P~show~0~2~480~110~90~gge793~0^^480~110^^M 480 110 v 10~#8D2323^^0~483~123~270~2~end~~~#8D2323^^0~479~114~270~2~start~~~#8D2323^^0~480~117^^0~M 477 120 L 480 123 L 483 120#@$P~show~0~1~480~150~270~gge800~0^^480~150^^M 480 150 v -10~#8D2323^^0~483~137~270~1~start~~~#8D2323^^0~479~146~270~1~end~~~#8D2323^^0~480~143^^0~M 483 140 L 480 137 L 477 140",
          "W~480 150 480 175~#008800~1~0~none~gge832~0",
          "W~745 430 730 430 730 440 705 440 675 440 675 460 405 460 405 385 440 385~#008800~1~0~none~gge1065~0",
          "W~745 420 725 420 725 430 705 430 670 430 670 455 410 455 410 415 440 415~#008800~1~0~none~gge1066~0",
          "W~745 410 720 410 720 420 705 420 665 420 665 450 415 450 415 405 440 405~#008800~1~0~none~gge1067~0",
          "W~745 400 715 400 715 410 705 410 660 410 660 445 420 445 420 375 440 375~#008800~1~0~none~gge1068~0",
          "W~745 390 710 390 710 400 705 400 660 400 660 395 520 395~#008800~1~0~none~gge1069~0",
          "W~745 380 705 380 705 390 655 390 655 440 425 440 425 395 440 395~#008800~1~0~none~gge1070~0",
          "W~425 235 425 310 555 310 555 355 520 355~#008800~1~0~none~gge1072~0",
          "W~520 365 535 365 535 235~#008800~1~0~none~gge1073~0",
          "W~440 425 430 425 430 250 465 250 465 235~#008800~1~0~none~gge1074~0",
          "W~515 235 515 305 560 305 560 425 520 425~#008800~1~0~none~gge1075~0",
          "W~520 385 545 385 545 315 495 315 495 235~#008800~1~0~none~gge1078~0",
          "W~485 235 485 320 585 320 585 375 520 375~#008800~1~0~none~gge1079~0",
          "W~520 405 600 405 600 275 475 275 475 235~#008800~1~0~none~gge1080~0",
          "W~525 235 525 265 615 265 615 415 520 415~#008800~1~0~none~gge1081~0",
          "W~445 235 445 290 405 290 405 355 440 355~#008800~1~0~none~gge1082~0",
          "W~440 365 395 365 395 240 435 240 435 235~#008800~1~0~none~gge1083~0",
          "W~745 360 745 350 705 350 670 350 670 75 480 75 480 110~#008800~1~0~none~gge1084~0",
          "LIB~755~390~package`HDR-8X1/2.54`BOM_Supplier Part`undefined`BOM_Supplier`LCSC`BOM_Manufacturer`ReliaPro`BOM_Manufacturer Part`Header2.54mm 1*8P`image`http://image.lceda.cn/szlcsc/C49256.jpg`spicePre`P`~~0~ggec39ee3c861a7b382~5363975b6427dff787dd00c04f1fa455~6baac764081545900d527035a5806b9d~0~~yes~yes~~~#@$T~N~758.296875~352~0~#000080~Arial~~~~~comment~Header2.54mm 1*8P~1~start~gge1152~0~#@$T~P~758.296875~343~0~#000080~Arial~~~~~comment~P1~1~start~gge1154~0~#@$R~765~355~2~2~20~80~#880000~1~0~none~gge1156~0~#@$P~show~1~1~745~360~180~gge1157~0^^745~360^^M 745 360 h 20~#000000^^1~770~363~0~1~start~~~#000000^^0~760~359~0~1~end~~~#000000^^0~762~360^^0~M 765 363 L 768 360 L 765 357#@$P~show~1~2~745~370~180~gge1164~0^^745~370^^M 745 370 h 20~#000000^^1~770~373~0~2~start~~~#000000^^0~760~369~0~2~end~~~#000000^^0~762~370^^0~M 765 373 L 768 370 L 765 367#@$P~show~1~3~745~380~180~gge1171~0^^745~380^^M 745 380 h 20~#000000^^1~770~383~0~3~start~~~#000000^^0~760~379~0~3~end~~~#000000^^0~762~380^^0~M 765 383 L 768 380 L 765 377#@$P~show~1~4~745~390~180~gge1178~0^^745~390^^M 745 390 h 20~#000000^^1~770~393~0~4~start~~~#000000^^0~760~389~0~4~end~~~#000000^^0~762~390^^0~M 765 393 L 768 390 L 765 387#@$P~show~1~5~745~400~180~gge1185~0^^745~400^^M 745 400 h 20~#000000^^1~770~403~0~5~start~~~#000000^^0~760~399~0~5~end~~~#000000^^0~762~400^^0~M 765 403 L 768 400 L 765 397#@$P~show~1~6~745~410~180~gge1192~0^^745~410^^M 745 410 h 20~#000000^^1~770~413~0~6~start~~~#000000^^0~760~409~0~6~end~~~#000000^^0~762~410^^0~M 765 413 L 768 410 L 765 407#@$P~show~1~7~745~420~180~gge1199~0^^745~420^^M 745 420 h 20~#000000^^1~770~423~0~7~start~~~#000000^^0~760~419~0~7~end~~~#000000^^0~762~420^^0~M 765 423 L 768 420 L 765 417#@$P~show~1~8~745~430~180~gge1206~0^^745~430^^M 745 430 h 20~#000000^^1~770~433~0~8~start~~~#000000^^0~760~429~0~8~end~~~#000000^^0~762~430^^0~M 765 433 L 768 430 L 765 427",
          "W~745 370 640 370 640 395~#008800~1~0~none~gge1284~0",
          "J~640~395~2.5~#CC0000~gge1285~0"
        ],
        "BBox": {
          "x": 0,
          "y": -0.7,
          "width": 1149,
          "height": 807
        },
        "colors": {}
      }
    }
  ]
}