{
  "editorVersion": "6.5.22",
  "docType": "5",
  "title": "NIXIE_CONTROLLER_SEC_ADDON",
  "description": "",
  "colors": {},
  "schematics": [
    {
      "docType": "1",
      "title": "Sheet_1",
      "description": "",
      "dataStr": {
        "head": {
          "docType": "1",
          "editorVersion": "6.5.22",
          "c_para": {
            "Prefix Start": "1"
          },
          "c_spiceCmd": "null",
          "hasIdFlag": true,
          "uuid": "3fda26ce9a1f42ef8dc8e2962b1a3d30",
          "x": "0",
          "y": "0",
          "portOfADImportHack": "",
          "importFlag": 0,
          "transformList": "",
          "newgId": true
        },
        "canvas": "CA~1000~1000~#FFFFFF~yes~#CCCCCC~5~1000~1000~line~5~pixel~5~0~0",
        "shape": [
          "LIB~550~401~package`NONE`BOM_Manufacturer Part`?`spicePre`.`~~0~frame_lib_1~~~0~~yes~yes~~~#@$T~N~572.640625~-3~0~#000080~Arial~~~~~comment~NO~0~start~gge92~0~#@$T~P~572.6484375~-13.703125~0~#000080~Arial~~~~~comment~.~0~start~gge94~0~#@$PT~M 206 10 L 206 0 M 206 796 L 206 806 M 402 10 L 402 0 M 402 796 L 402 806 M 598 10 L 598 0 M 598 796 L 598 806 M 794 10 L 794 0 M 794 796 L 794 806 M 990 10 L 990 0 M 990 796 L 990 806 M 10 206 L 0 206 M 1139 206 L 1149 206 M 10 402 L 0 402 M 1139 402 L 1149 402 M 10 598 L 0 598 M 1139 598 L 1149 598 M 10 794 L 0 794 M 1139 794 L 1149 794~#880000~1~0~none~frame_tick_1~0~frame_tick#@$T~L~1.5~108~0~#880000~~~~~~comment~A~1~start~frame_tick_2~0~frame_tick#@$T~L~1140.5~108~0~#880000~~~~~~comment~A~1~start~frame_tick_3~0~frame_tick#@$T~L~1.5~304~0~#880000~~~~~~comment~B~1~start~frame_tick_4~0~frame_tick#@$T~L~1140.5~304~0~#880000~~~~~~comment~B~1~start~frame_tick_5~0~frame_tick#@$T~L~1.5~500~0~#880000~~~~~~comment~C~1~start~frame_tick_6~0~frame_tick#@$T~L~1140.5~500~0~#880000~~~~~~comment~C~1~start~frame_tick_7~0~frame_tick#@$T~L~1.5~696~0~#880000~~~~~~comment~D~1~start~frame_tick_8~0~frame_tick#@$T~L~1140.5~696~0~#880000~~~~~~comment~D~1~start~frame_tick_9~0~frame_tick#@$T~L~108~8.5~0~#880000~~~~~~comment~1~1~start~frame_tick_10~0~frame_tick#@$T~L~108~804.5~0~#880000~~~~~~comment~1~1~start~frame_tick_11~0~frame_tick#@$T~L~304~8.5~0~#880000~~~~~~comment~2~1~start~frame_tick_12~0~frame_tick#@$T~L~304~804.5~0~#880000~~~~~~comment~2~1~start~frame_tick_13~0~frame_tick#@$T~L~500~8.5~0~#880000~~~~~~comment~3~1~start~frame_tick_14~0~frame_tick#@$T~L~500~804.5~0~#880000~~~~~~comment~3~1~start~frame_tick_15~0~frame_tick#@$T~L~696~8.5~0~#880000~~~~~~comment~4~1~start~frame_tick_16~0~frame_tick#@$T~L~696~804.5~0~#880000~~~~~~comment~4~1~start~frame_tick_17~0~frame_tick#@$T~L~892~8.5~0~#880000~~~~~~comment~5~1~start~frame_tick_18~0~frame_tick#@$T~L~892~804.5~0~#880000~~~~~~comment~5~1~start~frame_tick_19~0~frame_tick#@$R~10~10~~~1129~786~#880000~1~0~none~frame_innerbox_1~0~frame_innerbox#@$R~0~0~~~1149~806~#880000~1~0~none~frame_outbox_1~0~frame_outbox#@$R~739~716~~~400~80~#880000~1~0~none~frame_hitarea_1~0~frame_hitarea#@$PL~739 756 1139 756~#880000~1~0~none~gge150~0#@$PL~739 776 1139 776~#880000~1~0~none~gge151~0#@$PL~1059 716 1059 756~#880000~1~0~none~gge152~0#@$PL~1019 756 1019 776~#880000~1~0~none~gge153~0#@$PL~934 776 934 796~#880000~1~0~none~gge154~0#@$T~L~744~728~0~#880000~~8pt~~~~comment~TITLE:~1~start~gge155~0~pinpart#@$T~L~749~746~0~#0000FF~~10pt~~~~comment~New Schematic~1~start~frame_title_1~0~frame_title#@$T~L~1065~742~0~#880000~~8pt~~~~comment~REV:~1~start~gge158~0~pinpart#@$T~L~1096~743~0~#0000FF~~9pt~~~~comment~1.0~1~start~frame_version_1~0~frame_version#@$T~L~744~771~0~#880000~~8pt~~~~comment~Date:~1~start~gge161~0~pinpart#@$T~L~794~771~0~#0000FF~~9pt~~~~comment~2018-11-11~1~start~frame_date_1~0~frame_date#@$T~L~1024~771~0~#880000~~8pt~~~~comment~Sheet:~1~start~gge164~0~pinpart#@$T~L~1069~771~0~#0000FF~~9pt~~~~comment~1/1~1~start~frame_sheet_1~0~frame_sheet#@$T~L~744~791~0~#880000~~8pt~~~~comment~EasyEDA V5.8.20~1~start~frame_product_1~0~frame_product#@$T~L~944~791~0~#880000~~8pt~~~~comment~Drawn By:~1~start~gge168~0~pinpart#@$T~L~1009~791~0~#0000FF~~9pt~~~~comment~RBEGamer~1~start~frame_drawn_1~0~frame_drawn",
          "LIB~650~445~package`HDR-7X1/2.54`BOM_Supplier Part`undefined`BOM_Supplier`LCSC`BOM_Manufacturer`ReliaPro`BOM_Manufacturer Part`Header2.54mm 1*7P`image`http://image.lceda.cn/szlcsc/C49256.jpg`spicePre`P`~~0~ggec39ee3c861a7b382~d1184dedd6c941028c257fda3adc14e8~8ae3a6e2b9f445b7844b3edc776589cc~0~~yes~yes~~~#@$T~N~643.109375~442~0~#000080~Arial~~~~~comment~Header2.54mm_1*7P~1~start~gge173~0~#@$T~P~643.12~432.94~0~#000080~Arial~~~~~comment~P1~1~start~gge175~0~#@$R~650~445~2~2~10~80~#880000~1~0~none~gge177~0~#@$E~655~450~1.5~1.5~#880000~1~0~#880000~gge178~0#@$P~show~0~1~640~455~180~gge179~0^^640~455^^M 640 455 h 10~#880000^^1~653.7~459~0~PIN1~start~~~#0000FF^^1~649.5~454~0~1~end~~~#0000FF^^0~647~455^^0~M 650 458 L 653 455 L 650 452#@$P~show~0~2~640~465~180~gge186~0^^640~465^^M 640 465 h 10~#880000^^1~653.7~469~0~PIN2~start~~~#0000FF^^1~649.5~464~0~2~end~~~#0000FF^^0~647~465^^0~M 650 468 L 653 465 L 650 462#@$P~show~0~3~640~475~180~gge193~0^^640~475^^M 640 475 h 10~#880000^^1~653.7~479~0~PIN3~start~~~#0000FF^^1~649.5~474~0~3~end~~~#0000FF^^0~647~475^^0~M 650 478 L 653 475 L 650 472#@$P~show~0~4~640~485~180~gge200~0^^640~485^^M 640 485 h 10~#880000^^1~653.7~489~0~PIN4~start~~~#0000FF^^1~649.5~484~0~4~end~~~#0000FF^^0~647~485^^0~M 650 488 L 653 485 L 650 482#@$P~show~0~5~640~495~180~gge207~0^^640~495^^M 640 495 h 10~#880000^^1~653.7~499~0~PIN5~start~~~#0000FF^^1~649.5~494~0~5~end~~~#0000FF^^0~647~495^^0~M 650 498 L 653 495 L 650 492#@$P~show~0~6~640~505~180~gge214~0^^640~505^^M 640 505 h 10~#880000^^1~653.7~509~0~PIN6~start~~~#0000FF^^1~649.5~504~0~6~end~~~#0000FF^^0~647~505^^0~M 650 508 L 653 505 L 650 502#@$P~show~0~7~640~515~180~gge221~0^^640~515^^M 640 515 h 10~#880000^^1~653.7~519~0~PIN7~start~~~#0000FF^^1~649.5~514~0~7~end~~~#0000FF^^0~647~515^^0~M 650 518 L 653 515 L 650 512",
          "F~part_netLabel_+5V~550~455~0~gge288~~0^^550~455^^+5V~#000000~540~443~0~start~1~Times New Roman~9pt~flag_gge103^^PL~550 445 550 455~#000000~1~0~transparent~gge291~0^^PL~545 445 555 445~#000000~1~0~transparent~gge292~0",
          "LIB~410~305~package`DIL16`Contributor`SparkFun`sourceId`CIUtrpnzx`timeStamp`1468682059`BOM_Manufacturer Part`?`spicePre`U`~90~0~gge66797bcd97f4f6c2~092f6b3ec93f4190bbf3c0c8e4e6920e~d5fabbe9d6514bd29dc39f1190fd4314~0~~yes~yes~~~#@$T~N~472~307.265625~0~#000080~Arial~~~~~comment~74HC595~1~start~gge2007~0~#@$T~P~472.0078125~298.05~0~#000080~Arial~~~~~comment~U3~1~start~gge2009~0~#@$PL~470 325 470 265~#8D2323~2~0~none~gge2011~0#@$PL~470 265 360 265~#8D2323~2~0~none~gge2012~0#@$PL~360 265 360 325~#8D2323~2~0~none~gge2013~0#@$PL~360 325 470 325~#8D2323~2~0~none~gge2014~0#@$P~show~0~1~390~245~90~gge2015~0^^390~245^^M 390 245 v 20~#8D2323^^1~393~268~270~QB~end~~~#8D2323^^1~389~259~270~1~start~~~#8D2323^^0~390~262^^0~M 387 265 L 390 268 L 393 265#@$P~show~0~2~400~245~90~gge2022~0^^400~245^^M 400 245 v 20~#8D2323^^1~403~268~270~QC~end~~~#8D2323^^1~399~259~270~2~start~~~#8D2323^^0~400~262^^0~M 397 265 L 400 268 L 403 265#@$P~show~0~3~410~245~90~gge2029~0^^410~245^^M 410 245 v 20~#8D2323^^1~413~268~270~QD~end~~~#8D2323^^1~409~259~270~3~start~~~#8D2323^^0~410~262^^0~M 407 265 L 410 268 L 413 265#@$P~show~0~4~420~245~90~gge2036~0^^420~245^^M 420 245 v 20~#8D2323^^1~423~268~270~QE~end~~~#8D2323^^1~419~259~270~4~start~~~#8D2323^^0~420~262^^0~M 417 265 L 420 268 L 423 265#@$P~show~0~5~430~245~90~gge2043~0^^430~245^^M 430 245 v 20~#8D2323^^1~433~268~270~QF~end~~~#8D2323^^1~429~259~270~5~start~~~#8D2323^^0~430~262^^0~M 427 265 L 430 268 L 433 265#@$P~show~0~6~440~245~90~gge2050~0^^440~245^^M 440 245 v 20~#8D2323^^1~443~268~270~QG~end~~~#8D2323^^1~439~259~270~6~start~~~#8D2323^^0~440~262^^0~M 437 265 L 440 268 L 443 265#@$P~show~0~7~450~245~90~gge2057~0^^450~245^^M 450 245 v 20~#8D2323^^1~453~268~270~QH~end~~~#8D2323^^1~449~259~270~7~start~~~#8D2323^^0~450~262^^0~M 447 265 L 450 268 L 453 265#@$P~show~1~10~400~345~270~gge2064~0^^400~345^^M 400 345 v -14~#8D2323^^1~403~322~270~SCL~start~~~#8D2323^^1~399~331~270~10~end~~~#8D2323^^1~400~328^^0~M 403 325 L 400 322 L 397 325#@$P~show~1~11~390~345~270~gge2071~0^^390~345^^M 390 345 v -20~#8D2323^^1~393~322~270~SCK~start~~~#8D2323^^1~389~331~270~11~end~~~#8D2323^^0~390~328^^1~M 393 325 L 390 322 L 387 325#@$P~show~1~12~420~345~270~gge2078~0^^420~345^^M 420 345 v -20~#8D2323^^1~423~322~270~RCK~start~~~#8D2323^^1~419~331~270~12~end~~~#8D2323^^0~420~328^^1~M 423 325 L 420 322 L 417 325#@$P~show~1~13~440~345~270~gge2085~0^^440~345^^M 440 345 v -14~#8D2323^^1~443~322~270~G~start~~~#8D2323^^1~439~331~270~13~end~~~#8D2323^^1~440~328^^0~M 443 325 L 440 322 L 437 325#@$P~show~1~14~370~345~270~gge2092~0^^370~345^^M 370 345 v -20~#8D2323^^1~373~322~270~SER~start~~~#8D2323^^1~369~331~270~14~end~~~#8D2323^^0~370~328^^0~M 373 325 L 370 322 L 367 325#@$P~show~0~15~380~245~90~gge2099~0^^380~245^^M 380 245 v 20~#8D2323^^1~383~268~270~QA~end~~~#8D2323^^1~379~259~270~15~start~~~#8D2323^^0~380~262^^0~M 377 265 L 380 268 L 383 265#@$P~show~0~9~460~245~90~gge2106~0^^460~245^^M 460 245 v 20~#8D2323^^1~463~268~270~QH*~end~~~#8D2323^^1~459~259~270~9~start~~~#8D2323^^0~460~262^^0~M 457 265 L 460 268 L 463 265#@$P~show~4~8~460~345~270~gge2113~0^^460~345^^M 460 345 v -20~#8D2323^^1~463~322~270~GND~start~~~#8D2323^^1~459~331~270~8~end~~~#8D2323^^0~460~328^^0~M 463 325 L 460 322 L 457 325#@$P~show~4~16~370~245~90~gge2120~0^^370~245^^M 370 245 v 20~#8D2323^^1~373~268~270~VCC~end~~~#8D2323^^1~369~259~270~16~start~~~#8D2323^^0~370~262^^0~M 367 265 L 370 268 L 373 265",
          "LIB~185~200~package`HDR-2X1/2.54`BOM_Supplier Part``BOM_Supplier``BOM_Manufacturer``BOM_Manufacturer Part`Female header 1*2p`Contributor`milutzu`spicePre`P`~180~0~gge16cbebb8866e1842~f3c8008dc3bb4d669ab05cb494754bb3~c0e9514323d34c198e2ad765e1d96fe1~0~~yes~yes~~~#@$T~N~183.296875~202~0~#000080~Arial~~~~~comment~Header-Female-2.54_1x2~1~start~gge2573~0~#@$T~P~183.3~193~0~#000080~Arial~~~~~comment~P2~1~start~gge2575~0~#@$R~170~205~2~2~20~30~#880000~1~0~none~gge2577~0~#@$P~show~1~1~200~225~0~gge2578~0^^200~225^^M 200 225 h -10~#000000^^1~185~228~0~1~end~~~#000000^^0~190~224~0~1~start~~~#000000^^0~193~225^^0~M 190 222 L 187 225 L 190 228#@$P~show~1~2~200~215~0~gge2585~0^^200~215^^M 200 215 h -10~#000000^^1~185~218~0~2~end~~~#000000^^0~190~214~0~2~start~~~#000000^^0~193~215^^0~M 190 212 L 187 215 L 190 218",
          "T~L~130~225~0~#0000FF~~9pt~~~~comment~HV~1~start~gge2614~0~pinpart",
          "F~part_netLabel_GNd~460~365~0~gge2618~~0^^460~365^^GND~#0000FF~461~373~0~start~0~Times New Roman~9pt~flag_gge106^^PL~460 375 460 365~#000000~1~0~transparent~gge2621~0^^PL~460 375 470 375 460 381 450 375 460 375~#000000~1~0~transparent~gge2622~0",
          "F~part_netLabel_+5V~345~215~0~gge2628~~0^^345~215^^+5V~#000000~335~203~0~start~1~Times New Roman~9pt~flag_gge109^^PL~345 205 345 215~#000000~1~0~transparent~gge2631~0^^PL~340 205 350 205~#000000~1~0~transparent~gge2632~0",
          "W~440 345 440 355 460 355 460 345~#008800~1~0~none~gge2639~0",
          "W~460 365 460 355~#008800~1~0~none~gge2640~0",
          "W~370 245 370 230 345 230 345 355 400 355 400 345~#008800~1~0~none~gge2642~0",
          "W~345 215 345 230~#008800~1~0~none~gge2643~0",
          "LIB~410~145~package`HDR-8X1/2.54`BOM_Supplier Part`undefined`BOM_Supplier`LCSC`BOM_Manufacturer`ReliaPro`BOM_Manufacturer Part`Header2.54mm 1*8P`image`http://image.lceda.cn/szlcsc/C49256.jpg`spicePre`P`~90~0~gge1bc31e334497ec54~5363975b6427dff787dd00c04f1fa455~c4120d26da124b619ad553ea7ff6d6ad~0~~yes~yes~~~#@$T~N~409.296875~112~0~#000080~Arial~~~~~comment~Header2.54mm 1*8P~1~start~gge2990~0~#@$T~P~409.296875~102.921875~0~#000080~Arial~~~~~comment~P3~1~start~gge2992~0~#@$R~375~115~2~2~80~20~#880000~1~0~none~gge2994~0~#@$P~show~1~1~380~155~270~gge2995~0^^380~155^^M 380 155 v -20~#000000^^1~383~130~270~1~start~~~#000000^^0~379~140~270~1~end~~~#000000^^0~380~138^^0~M 383 135 L 380 132 L 377 135#@$P~show~1~2~390~155~270~gge3002~0^^390~155^^M 390 155 v -20~#000000^^1~393~130~270~2~start~~~#000000^^0~389~140~270~2~end~~~#000000^^0~390~138^^0~M 393 135 L 390 132 L 387 135#@$P~show~1~3~400~155~270~gge3009~0^^400~155^^M 400 155 v -20~#000000^^1~403~130~270~3~start~~~#000000^^0~399~140~270~3~end~~~#000000^^0~400~138^^0~M 403 135 L 400 132 L 397 135#@$P~show~1~4~410~155~270~gge3016~0^^410~155^^M 410 155 v -20~#000000^^1~413~130~270~4~start~~~#000000^^0~409~140~270~4~end~~~#000000^^0~410~138^^0~M 413 135 L 410 132 L 407 135#@$P~show~1~5~420~155~270~gge3023~0^^420~155^^M 420 155 v -20~#000000^^1~423~130~270~5~start~~~#000000^^0~419~140~270~5~end~~~#000000^^0~420~138^^0~M 423 135 L 420 132 L 417 135#@$P~show~1~6~430~155~270~gge3030~0^^430~155^^M 430 155 v -20~#000000^^1~433~130~270~6~start~~~#000000^^0~429~140~270~6~end~~~#000000^^0~430~138^^0~M 433 135 L 430 132 L 427 135#@$P~show~1~7~440~155~270~gge3037~0^^440~155^^M 440 155 v -20~#000000^^1~443~130~270~7~start~~~#000000^^0~439~140~270~7~end~~~#000000^^0~440~138^^0~M 443 135 L 440 132 L 437 135#@$P~show~1~8~450~155~270~gge3044~0^^450~155^^M 450 155 v -20~#000000^^1~453~130~270~8~start~~~#000000^^0~449~140~270~8~end~~~#000000^^0~450~138^^0~M 453 135 L 450 132 L 447 135",
          "LIB~510~145~package`HDR-8X1/2.54`BOM_Supplier Part`undefined`BOM_Supplier`LCSC`BOM_Manufacturer`ReliaPro`BOM_Manufacturer Part`Header2.54mm 1*8P`image`http://image.lceda.cn/szlcsc/C49256.jpg`spicePre`P`~90~0~gge6a809a8f8408ed49~5363975b6427dff787dd00c04f1fa455~c4120d26da124b619ad553ea7ff6d6ad~0~~yes~yes~~~#@$T~N~509.296875~112~0~#000080~Arial~~~~~comment~Header2.54mm 1*8P~1~start~gge3054~0~#@$T~P~509.296875~102.921875~0~#000080~Arial~~~~~comment~P4~1~start~gge3056~0~#@$R~475~115~2~2~80~20~#880000~1~0~none~gge3058~0~#@$P~show~1~1~480~155~270~gge3059~0^^480~155^^M 480 155 v -20~#000000^^1~483~130~270~1~start~~~#000000^^0~479~140~270~1~end~~~#000000^^0~480~138^^0~M 483 135 L 480 132 L 477 135#@$P~show~1~2~490~155~270~gge3066~0^^490~155^^M 490 155 v -20~#000000^^1~493~130~270~2~start~~~#000000^^0~489~140~270~2~end~~~#000000^^0~490~138^^0~M 493 135 L 490 132 L 487 135#@$P~show~1~3~500~155~270~gge3073~0^^500~155^^M 500 155 v -20~#000000^^1~503~130~270~3~start~~~#000000^^0~499~140~270~3~end~~~#000000^^0~500~138^^0~M 503 135 L 500 132 L 497 135#@$P~show~1~4~510~155~270~gge3080~0^^510~155^^M 510 155 v -20~#000000^^1~513~130~270~4~start~~~#000000^^0~509~140~270~4~end~~~#000000^^0~510~138^^0~M 513 135 L 510 132 L 507 135#@$P~show~1~5~520~155~270~gge3087~0^^520~155^^M 520 155 v -20~#000000^^1~523~130~270~5~start~~~#000000^^0~519~140~270~5~end~~~#000000^^0~520~138^^0~M 523 135 L 520 132 L 517 135#@$P~show~1~6~530~155~270~gge3094~0^^530~155^^M 530 155 v -20~#000000^^1~533~130~270~6~start~~~#000000^^0~529~140~270~6~end~~~#000000^^0~530~138^^0~M 533 135 L 530 132 L 527 135#@$P~show~1~7~540~155~270~gge3101~0^^540~155^^M 540 155 v -20~#000000^^1~543~130~270~7~start~~~#000000^^0~539~140~270~7~end~~~#000000^^0~540~138^^0~M 543 135 L 540 132 L 537 135#@$P~show~1~8~550~155~270~gge3108~0^^550~155^^M 550 155 v -20~#000000^^1~553~130~270~8~start~~~#000000^^0~549~140~270~8~end~~~#000000^^0~550~138^^0~M 553 135 L 550 132 L 547 135",
          "LIB~650~580~package`HDR-7X1/2.54`BOM_Supplier Part`undefined`BOM_Supplier`LCSC`BOM_Manufacturer`ReliaPro`BOM_Manufacturer Part`Header2.54mm 1*7P`image`http://image.lceda.cn/szlcsc/C49256.jpg`spicePre`P`~~0~ggea30bd92ff87464e3~d1184dedd6c941028c257fda3adc14e8~8ae3a6e2b9f445b7844b3edc776589cc~0~~yes~yes~~~#@$T~N~643.109375~577~0~#000080~Arial~~~~~comment~Header2.54mm_1*7P~1~start~gge3184~0~#@$T~P~643.12~567.9375~0~#000080~Arial~~~~~comment~P5~1~start~gge3186~0~#@$R~650~580~2~2~10~80~#880000~1~0~none~gge3188~0~#@$E~655~585~1.5~1.5~#880000~1~0~#880000~gge3189~0#@$P~show~0~1~640~590~180~gge3190~0^^640~590^^M 640 590 h 10~#880000^^1~653.7~594~0~PIN1~start~~~#0000FF^^1~649.5~589~0~1~end~~~#0000FF^^0~647~590^^0~M 650 593 L 653 590 L 650 587#@$P~show~0~2~640~600~180~gge3197~0^^640~600^^M 640 600 h 10~#880000^^1~653.7~604~0~PIN2~start~~~#0000FF^^1~649.5~599~0~2~end~~~#0000FF^^0~647~600^^0~M 650 603 L 653 600 L 650 597#@$P~show~0~3~640~610~180~gge3204~0^^640~610^^M 640 610 h 10~#880000^^1~653.7~614~0~PIN3~start~~~#0000FF^^1~649.5~609~0~3~end~~~#0000FF^^0~647~610^^0~M 650 613 L 653 610 L 650 607#@$P~show~0~4~640~620~180~gge3211~0^^640~620^^M 640 620 h 10~#880000^^1~653.7~624~0~PIN4~start~~~#0000FF^^1~649.5~619~0~4~end~~~#0000FF^^0~647~620^^0~M 650 623 L 653 620 L 650 617#@$P~show~0~5~640~630~180~gge3218~0^^640~630^^M 640 630 h 10~#880000^^1~653.7~634~0~PIN5~start~~~#0000FF^^1~649.5~629~0~5~end~~~#0000FF^^0~647~630^^0~M 650 633 L 653 630 L 650 627#@$P~show~0~6~640~640~180~gge3225~0^^640~640^^M 640 640 h 10~#880000^^1~653.7~644~0~PIN6~start~~~#0000FF^^1~649.5~639~0~6~end~~~#0000FF^^0~647~640^^0~M 650 643 L 653 640 L 650 637#@$P~show~0~7~640~650~180~gge3232~0^^640~650^^M 640 650 h 10~#880000^^1~653.7~654~0~PIN7~start~~~#0000FF^^1~649.5~649~0~7~end~~~#0000FF^^0~647~650^^0~M 650 653 L 653 650 L 650 647",
          "W~380 155 380 165 480 165 480 155~#008800~1~0~none~gge3254~0",
          "W~490 155 490 170 390 170 390 155~#008800~1~0~none~gge3255~0",
          "W~200 225 295 225 295 165 380 165~#008800~1~0~none~gge3256~0",
          "W~200 215 290 215 290 170 390 170~#008800~1~0~none~gge3258~0",
          "W~400 155 400 180 500 180 500 155~#008800~1~0~none~gge3260~0",
          "W~510 155 510 175 410 175 410 155~#008800~1~0~none~gge3261~0",
          "F~part_netLabel_GNd~465~195~0~gge3262~~0^^465~195^^GND~#0000FF~466~203~0~start~0~Times New Roman~9pt~flag_gge112^^PL~465 205 465 195~#000000~1~0~transparent~gge3265~0^^PL~465 205 475 205 465 211 455 205 465 205~#000000~1~0~transparent~gge3266~0",
          "F~part_netLabel_+5V~465~95~0~gge3272~~0^^465~95^^+5V~#000000~455~83~0~start~1~Times New Roman~9pt~flag_gge115^^PL~465 85 465 95~#000000~1~0~transparent~gge3275~0^^PL~460 85 470 85~#000000~1~0~transparent~gge3276~0",
          "W~380 245 380 240 380 205 420 205 420 155~#008800~1~0~none~gge3286~0",
          "W~390 245 390 240 390 210 430 210 430 155~#008800~1~0~none~gge3287~0",
          "W~400 245 400 240 400 215 440 215 440 155~#008800~1~0~none~gge3288~0",
          "W~410 245 410 240 410 220 450 220 450 155~#008800~1~0~none~gge3289~0",
          "W~520 155 520 160 520 225 455 225 455 230 420 230 420 245~#008800~1~0~none~gge3290~0",
          "W~530 155 530 160 530 235 430 235 430 245~#008800~1~0~none~gge3291~0",
          "W~540 155 540 160 540 240 440 240 440 245~#008800~1~0~none~gge3292~0",
          "W~550 155 550 220 560 220 560 190 370 190 370 225 450 225 450 245~#008800~1~0~none~gge3312~0",
          "W~465 195 465 175~#008800~1~0~none~gge3316~0",
          "W~465 95 465 145 460 145 460 180~#008800~1~0~none~gge3318~0",
          "T~L~690~625~0~#0000FF~~9pt~undefined~undefined~~comment~OUTeww~1~start~gge3328~0~pinpart",
          "W~640 455 575 455 575 590 640 590~#008800~1~0~none~gge3332~0",
          "W~640 600 580 600 580 465 640 465~#008800~1~0~none~gge3333~0",
          "W~640 475 585 475 585 610 640 610~#008800~1~0~none~gge3334~0",
          "W~640 495 595 495 595 630 640 630~#008800~1~0~none~gge3336~0",
          "W~640 640 600 640 600 505 640 505~#008800~1~0~none~gge3337~0",
          "W~640 515 605 515 605 650 640 650~#008800~1~0~none~gge3338~0",
          "W~575 455 550 455 550 515 605 515~#008800~1~0~none~gge3339~0",
          "F~part_netLabel_GNd~550~645~0~gge3341~~0^^550~645^^GND~#0000FF~551~653~0~start~0~Times New Roman~9pt~flag_gge118^^PL~550 655 550 645~#000000~1~0~transparent~gge3344~0^^PL~550 655 560 655 550 661 540 655 550 655~#000000~1~0~transparent~gge3345~0",
          "W~550 645 550 520 585 520~#008800~1~0~none~gge3351~0",
          "W~640 485 590 485 370 485 370 345~#008800~1~0~none~gge3356~0",
          "W~390 345 390 495 595 495~#008800~1~0~none~gge3358~0",
          "W~420 345 420 505 600 505~#008800~1~0~none~gge3360~0",
          "W~640 620 530 620 530 250 585 250 585 215 475 215 475 220 460 220 460 245~#008800~1~0~none~gge3363~0",
          "J~595~495~2.5~#CC0000~gge3359~0",
          "J~585~520~2.5~#CC0000~gge3352~0",
          "J~605~515~2.5~#CC0000~gge3340~0",
          "J~460~180~2.5~#CC0000~gge3319~0",
          "J~380~165~2.5~#CC0000~gge3257~0",
          "J~345~230~2.5~#CC0000~gge2644~0",
          "J~460~355~2.5~#CC0000~gge2641~0",
          "J~390~170~2.5~#CC0000~gge3259~0",
          "J~465~175~2.5~#CC0000~gge3317~0",
          "J~575~455~2.5~#CC0000~gge3354~0",
          "J~550~455~2.5~#CC0000~gge3355~0",
          "J~600~505~2.5~#CC0000~gge3361~0"
        ],
        "BBox": {
          "x": 0,
          "y": -0.7,
          "width": 1149,
          "height": 807
        },
        "colors": {}
      }
    }
  ]
}